id_dispositivo,id_individuo,oso,latitud,longitud,altura,time,temperatura
102901,UA-001,Sapi,0.2146548,-78.0602877,3200,2026-10-06 10:35:16,10.8
102902,UA-002,Hari Sinchi,0.3246752,-77.9625062,3000,2026-10-06 10:35:16,11.1
102903,UA-003,Tupak,0.3390209,-78.068783,2700,2026-10-06 10:35:16,14.2
102901,UA-001,Sapi,0.2149474,-78.0604421,3207.9,2026-10-06 10:35:26,10.9
102902,UA-002,Hari Sinchi,0.3246001,-77.9626773,3032.2,2026-10-06 10:35:26,10.5
102903,UA-003,Tupak,0.339216,-78.0690413,2754.7,2026-10-06 10:35:26,12.3
102901,UA-001,Sapi,0.2150285,-78.0607144,3210.4,2026-10-06 10:35:36,9.5
102902,UA-002,Hari Sinchi,0.3247298,-77.9627963,3057.3,2026-10-06 10:35:36,11.6
102903,UA-003,Tupak,0.3396327,-78.0691228,2785.5,2026-10-06 10:35:36,12.3
102901,UA-001,Sapi,0.2150797,-78.0609311,3208.1,2026-10-06 10:35:46,9.9
102902,UA-002,Hari Sinchi,0.3250076,-77.9630228,3080.3,2026-10-06 10:35:46,9.8
102903,UA-003,Tupak,0.3400369,-78.0691505,2805.5,2026-10-06 10:35:46,13.2
102901,UA-001,Sapi,0.2151269,-78.0611009,3200.5,2026-10-06 10:35:56,10.4
102902,UA-002,Hari Sinchi,0.3255828,-77.963013,3072.9,2026-10-06 10:35:56,10.8
102903,UA-003,Tupak,0.3401538,-78.0692137,2810.5,2026-10-06 10:35:56,12.6
102901,UA-001,Sapi,0.2151114,-78.061501,3200.7,2026-10-06 10:36:06,10.1
102902,UA-002,Hari Sinchi,0.3257739,-77.9629264,3058.7,2026-10-06 10:36:06,11.5
102903,UA-003,Tupak,0.3405873,-78.0690174,2789.8,2026-10-06 10:36:06,13.2
102901,UA-001,Sapi,0.2151767,-78.0618618,3206.0,2026-10-06 10:36:16,10.5
102902,UA-002,Hari Sinchi,0.3260905,-77.9628261,3028.2,2026-10-06 10:36:16,11.3
102903,UA-003,Tupak,0.3405283,-78.0686599,2779.0,2026-10-06 10:36:16,13.9
102901,UA-001,Sapi,0.2153038,-78.0621333,3205.3,2026-10-06 10:36:26,11.4
102902,UA-002,Hari Sinchi,0.3264034,-77.9624446,3009.3,2026-10-06 10:36:26,12.1
102903,UA-003,Tupak,0.3404175,-78.068446,2774.7,2026-10-06 10:36:26,13.3
102901,UA-001,Sapi,0.2154438,-78.0622492,3201.3,2026-10-06 10:36:36,10.4
102902,UA-002,Hari Sinchi,0.3267277,-77.9620784,3020.5,2026-10-06 10:36:36,11.2
102903,UA-003,Tupak,0.3404816,-78.0681378,2776.3,2026-10-06 10:36:36,12.0
102901,UA-001,Sapi,0.2156673,-78.0625251,3200.0,2026-10-06 10:36:46,10.0
102902,UA-002,Hari Sinchi,0.3269261,-77.9618291,3057.2,2026-10-06 10:36:46,11.7
102903,UA-003,Tupak,0.3404837,-78.068131,2783.8,2026-10-06 10:36:46,12.7
102901,UA-001,Sapi,0.2157575,-78.0625996,3199.7,2026-10-06 10:36:56,10.5
102902,UA-002,Hari Sinchi,0.3269545,-77.9615959,3099.5,2026-10-06 10:36:56,12.0
102903,UA-003,Tupak,0.3404834,-78.0681249,2790.4,2026-10-06 10:36:56,12.8
102901,UA-001,Sapi,0.2161211,-78.0627721,3193.8,2026-10-06 10:37:06,10.2
102902,UA-002,Hari Sinchi,0.3269646,-77.9614213,3144.8,2026-10-06 10:37:06,11.1
102903,UA-003,Tupak,0.3404887,-78.0681003,2789.5,2026-10-06 10:37:06,11.2
102901,UA-001,Sapi,0.2164613,-78.0628184,3188.1,2026-10-06 10:37:16,10.8
102902,UA-002,Hari Sinchi,0.3269768,-77.9613064,3172.9,2026-10-06 10:37:16,10.5
102903,UA-003,Tupak,0.3404883,-78.0680977,2793.6,2026-10-06 10:37:16,12.5
102901,UA-001,Sapi,0.2166871,-78.0627319,3174.6,2026-10-06 10:37:26,9.2
102902,UA-002,Hari Sinchi,0.3266519,-77.9610593,3204.2,2026-10-06 10:37:26,10.5
102903,UA-003,Tupak,0.3404826,-78.0680713,2799.6,2026-10-06 10:37:26,12.6
102901,UA-001,Sapi,0.2169797,-78.0625248,3156.1,2026-10-06 10:37:36,12.6
102902,UA-002,Hari Sinchi,0.3263315,-77.9607741,3227.2,2026-10-06 10:37:36,9.8
102903,UA-003,Tupak,0.3404687,-78.0680554,2800.6,2026-10-06 10:37:36,13.4
102901,UA-001,Sapi,0.2171393,-78.0623962,3146.6,2026-10-06 10:37:46,10.5
102902,UA-002,Hari Sinchi,0.3257029,-77.9608324,3197.1,2026-10-06 10:37:46,10.0
102903,UA-003,Tupak,0.3404624,-78.0680434,2801.5,2026-10-06 10:37:46,13.5
102901,UA-001,Sapi,0.2174719,-78.0622022,3156.4,2026-10-06 10:37:56,9.3
102902,UA-002,Hari Sinchi,0.3252701,-77.9605678,3153.1,2026-10-06 10:37:56,10.0
102903,UA-003,Tupak,0.3404477,-78.0680354,2802.7,2026-10-06 10:37:56,13.2
102901,UA-001,Sapi,0.2176952,-78.0620459,3181.0,2026-10-06 10:38:06,10.6
102902,UA-002,Hari Sinchi,0.3248474,-77.9604964,3093.3,2026-10-06 10:38:06,10.2
102903,UA-003,Tupak,0.340428,-78.0680171,2802.6,2026-10-06 10:38:06,11.9
102901,UA-001,Sapi,0.2179399,-78.0621948,3215.8,2026-10-06 10:38:16,10.6
102902,UA-002,Hari Sinchi,0.3245606,-77.9601563,3034.4,2026-10-06 10:38:16,11.6
102903,UA-003,Tupak,0.3404078,-78.0679998,2800.7,2026-10-06 10:38:16,12.6
102901,UA-001,Sapi,0.218092,-78.0623504,3240.7,2026-10-06 10:38:26,10.9
102902,UA-002,Hari Sinchi,0.3242886,-77.9599296,2986.8,2026-10-06 10:38:26,11.9
102903,UA-003,Tupak,0.3403919,-78.0679935,2798.9,2026-10-06 10:38:26,13.2
102901,UA-001,Sapi,0.2183745,-78.06255,3267.2,2026-10-06 10:38:36,11.0
102902,UA-002,Hari Sinchi,0.3243228,-77.9593771,2984.1,2026-10-06 10:38:36,11.1
102903,UA-003,Tupak,0.3403731,-78.0679907,2796.7,2026-10-06 10:38:36,13.7
102901,UA-001,Sapi,0.2184905,-78.0627706,3289.4,2026-10-06 10:38:46,9.6
102902,UA-002,Hari Sinchi,0.3243226,-77.959376,2976.0,2026-10-06 10:38:46,12.7
102903,UA-003,Tupak,0.3403515,-78.0679758,2795.9,2026-10-06 10:38:46,13.1
102901,UA-001,Sapi,0.2186338,-78.0627899,3307.3,2026-10-06 10:38:56,10.5
102902,UA-002,Hari Sinchi,0.3243121,-77.9593534,2975.6,2026-10-06 10:38:56,11.7
102903,UA-003,Tupak,0.340337,-78.0679599,2797.2,2026-10-06 10:38:56,12.1
102901,UA-001,Sapi,0.2191341,-78.0625114,3328.9,2026-10-06 10:39:06,10.3
102902,UA-002,Hari Sinchi,0.3243088,-77.9593507,2974.3,2026-10-06 10:39:06,11.4
102903,UA-003,Tupak,0.3403361,-78.0679594,2795.7,2026-10-06 10:39:06,13.2
102901,UA-001,Sapi,0.219382,-78.0624427,3329.4,2026-10-06 10:39:16,10.1
102902,UA-002,Hari Sinchi,0.3243014,-77.9593492,2978.4,2026-10-06 10:39:16,11.7
102903,UA-003,Tupak,0.3403269,-78.0679618,2793.5,2026-10-06 10:39:16,12.2
102901,UA-001,Sapi,0.2195938,-78.0625042,3329.9,2026-10-06 10:39:26,9.6
102902,UA-002,Hari Sinchi,0.3242905,-77.9593449,2975.7,2026-10-06 10:39:26,10.8
102903,UA-003,Tupak,0.3401443,-78.0680167,2781.8,2026-10-06 10:39:26,12.3
102901,UA-001,Sapi,0.2195964,-78.0625231,3324.1,2026-10-06 10:39:36,10.9
102902,UA-002,Hari Sinchi,0.3242707,-77.9593422,2971.5,2026-10-06 10:39:36,11.2
102903,UA-003,Tupak,0.3399444,-78.0681776,2767.7,2026-10-06 10:39:36,13.3
102901,UA-001,Sapi,0.2196015,-78.0625419,3323.0,2026-10-06 10:39:46,9.5
102902,UA-002,Hari Sinchi,0.3242632,-77.9593395,2971.7,2026-10-06 10:39:46,11.0
102903,UA-003,Tupak,0.3399591,-78.0683718,2761.0,2026-10-06 10:39:46,13.0
102901,UA-001,Sapi,0.2195991,-78.0625564,3320.6,2026-10-06 10:39:56,9.5
102902,UA-002,Hari Sinchi,0.3242482,-77.9593302,2965.9,2026-10-06 10:39:56,11.2
102903,UA-003,Tupak,0.3399542,-78.0684192,2759.8,2026-10-06 10:39:56,12.5
102901,UA-001,Sapi,0.2196003,-78.0625584,3318.5,2026-10-06 10:40:06,10.0
102902,UA-002,Hari Sinchi,0.3242419,-77.959311,2964.9,2026-10-06 10:40:06,12.1
102903,UA-003,Tupak,0.3398887,-78.0688214,2766.8,2026-10-06 10:40:06,13.8
102901,UA-001,Sapi,0.2196021,-78.0625592,3319.5,2026-10-06 10:40:16,9.4
102902,UA-002,Hari Sinchi,0.3242463,-77.9592984,2966.4,2026-10-06 10:40:16,10.5
102903,UA-003,Tupak,0.3401758,-78.0692084,2782.1,2026-10-06 10:40:16,13.3
102901,UA-001,Sapi,0.2196231,-78.0625643,3314.0,2026-10-06 10:40:26,9.9
102902,UA-002,Hari Sinchi,0.3242458,-77.9592952,2969.8,2026-10-06 10:40:26,11.4
102903,UA-003,Tupak,0.3401882,-78.0692155,2791.2,2026-10-06 10:40:26,13.2
102901,UA-001,Sapi,0.219644,-78.0625576,3314.1,2026-10-06 10:40:36,9.5
102902,UA-002,Hari Sinchi,0.3242336,-77.959274,2970.9,2026-10-06 10:40:36,10.9
102903,UA-003,Tupak,0.3402083,-78.0692177,2799.0,2026-10-06 10:40:36,13.8
102901,UA-001,Sapi,0.2196602,-78.0625442,3310.4,2026-10-06 10:40:46,10.1
102902,UA-002,Hari Sinchi,0.3242316,-77.959268,2968.2,2026-10-06 10:40:46,12.4
102903,UA-003,Tupak,0.3402103,-78.0692185,2805.5,2026-10-06 10:40:46,12.9
102901,UA-001,Sapi,0.2196704,-78.0625396,3305.1,2026-10-06 10:40:56,9.4
102902,UA-002,Hari Sinchi,0.3242313,-77.9592663,2967.0,2026-10-06 10:40:56,10.8
102903,UA-003,Tupak,0.3402107,-78.0692182,2810.4,2026-10-06 10:40:56,12.4
102901,UA-001,Sapi,0.2196832,-78.0625392,3301.3,2026-10-06 10:41:06,9.9
102902,UA-002,Hari Sinchi,0.3242409,-77.959246,2966.0,2026-10-06 10:41:06,10.9
102903,UA-003,Tupak,0.340231,-78.069211,2807.9,2026-10-06 10:41:06,13.4
102901,UA-001,Sapi,0.2196922,-78.0625446,3296.6,2026-10-06 10:41:16,9.5
102902,UA-002,Hari Sinchi,0.3242576,-77.9592359,2966.3,2026-10-06 10:41:16,12.0
102903,UA-003,Tupak,0.3402534,-78.0692011,2803.1,2026-10-06 10:41:16,12.9
102901,UA-001,Sapi,0.2196943,-78.0625438,3298.3,2026-10-06 10:41:26,9.0
102902,UA-002,Hari Sinchi,0.3242663,-77.9592344,2970.3,2026-10-06 10:41:26,11.6
102903,UA-003,Tupak,0.3402725,-78.0691871,2809.5,2026-10-06 10:41:26,12.8
102901,UA-001,Sapi,0.219707,-78.0625446,3296.2,2026-10-06 10:41:36,11.2
102902,UA-002,Hari Sinchi,0.3242918,-77.9592315,2978.9,2026-10-06 10:41:36,12.7
102903,UA-003,Tupak,0.3402732,-78.0691866,2806.8,2026-10-06 10:41:36,11.5
102901,UA-001,Sapi,0.2199684,-78.0627372,3290.9,2026-10-06 10:41:46,9.7
102902,UA-002,Hari Sinchi,0.3243042,-77.9592301,2987.6,2026-10-06 10:41:46,11.1
102903,UA-003,Tupak,0.3402752,-78.0691674,2804.4,2026-10-06 10:41:46,11.8
102901,UA-001,Sapi,0.220028,-78.0627421,3271.6,2026-10-06 10:41:56,9.7
102902,UA-002,Hari Sinchi,0.324314,-77.9592327,2990.7,2026-10-06 10:41:56,11.6
102903,UA-003,Tupak,0.3402726,-78.0691614,2801.5,2026-10-06 10:41:56,12.7
102901,UA-001,Sapi,0.2203088,-78.0624699,3229.6,2026-10-06 10:42:06,10.4
102902,UA-002,Hari Sinchi,0.324328,-77.9592358,2993.4,2026-10-06 10:42:06,12.0
102903,UA-003,Tupak,0.3402675,-78.0691513,2797.1,2026-10-06 10:42:06,13.7
102901,UA-001,Sapi,0.2204872,-78.0620866,3184.1,2026-10-06 10:42:16,9.9
102902,UA-002,Hari Sinchi,0.3243419,-77.9592334,2994.1,2026-10-06 10:42:16,12.3
102903,UA-003,Tupak,0.3402577,-78.0691434,2799.2,2026-10-06 10:42:16,12.4
102901,UA-001,Sapi,0.2208098,-78.0620951,3145.6,2026-10-06 10:42:26,10.9
102902,UA-002,Hari Sinchi,0.3243547,-77.9592177,2997.9,2026-10-06 10:42:26,11.1
102903,UA-003,Tupak,0.3402544,-78.0691353,2795.9,2026-10-06 10:42:26,12.1
102901,UA-001,Sapi,0.2210273,-78.0622762,3115.5,2026-10-06 10:42:36,11.2
102902,UA-002,Hari Sinchi,0.3243644,-77.9592078,3005.8,2026-10-06 10:42:36,11.9
102903,UA-003,Tupak,0.3402541,-78.0691288,2791.5,2026-10-06 10:42:36,11.7
102901,UA-001,Sapi,0.2213346,-78.0625607,3078.6,2026-10-06 10:42:46,11.7
102902,UA-002,Hari Sinchi,0.3243692,-77.9591906,3013.5,2026-10-06 10:42:46,12.5
102903,UA-003,Tupak,0.3402687,-78.0691258,2790.5,2026-10-06 10:42:46,12.8
102901,UA-001,Sapi,0.221338,-78.0628996,3044.3,2026-10-06 10:42:56,10.6
102902,UA-002,Hari Sinchi,0.3243708,-77.959165,3015.8,2026-10-06 10:42:56,12.0
102903,UA-003,Tupak,0.3402817,-78.0691167,2791.2,2026-10-06 10:42:56,13.3
102901,UA-001,Sapi,0.2214664,-78.0632431,3016.8,2026-10-06 10:43:06,10.8
102902,UA-002,Hari Sinchi,0.3243724,-77.959146,3021.1,2026-10-06 10:43:06,11.6
102903,UA-003,Tupak,0.3403044,-78.0691053,2787.0,2026-10-06 10:43:06,13.0
102901,UA-001,Sapi,0.221593,-78.0636404,3000.4,2026-10-06 10:43:16,11.2
102902,UA-002,Hari Sinchi,0.3243718,-77.95912,3031.6,2026-10-06 10:43:16,11.7
102903,UA-003,Tupak,0.3403169,-78.0691008,2782.7,2026-10-06 10:43:16,12.1
102901,UA-001,Sapi,0.2220193,-78.0636922,2981.6,2026-10-06 10:43:26,11.5
102902,UA-002,Hari Sinchi,0.3243621,-77.9591084,3035.1,2026-10-06 10:43:26,12.0
102903,UA-003,Tupak,0.340323,-78.0690925,2785.3,2026-10-06 10:43:26,13.1
102901,UA-001,Sapi,0.2221735,-78.0637572,2973.7,2026-10-06 10:43:36,11.0
102902,UA-002,Hari Sinchi,0.3240363,-77.959067,3016.4,2026-10-06 10:43:36,11.3
102903,UA-003,Tupak,0.3403253,-78.0690865,2784.3,2026-10-06 10:43:36,13.1
102901,UA-001,Sapi,0.2224617,-78.0640613,2968.4,2026-10-06 10:43:46,12.1
102902,UA-002,Hari Sinchi,0.323482,-77.9589996,2977.9,2026-10-06 10:43:46,12.0
102903,UA-003,Tupak,0.3403193,-78.0690657,2784.3,2026-10-06 10:43:46,12.6
102901,UA-001,Sapi,0.2226141,-78.0644018,2976.2,2026-10-06 10:43:56,11.7
102902,UA-002,Hari Sinchi,0.3233712,-77.959047,2943.6,2026-10-06 10:43:56,11.9
102903,UA-003,Tupak,0.3403137,-78.0690543,2786.6,2026-10-06 10:43:56,11.5
102901,UA-001,Sapi,0.2230648,-78.0645336,2989.0,2026-10-06 10:44:06,11.3
102902,UA-002,Hari Sinchi,0.3232417,-77.9589839,2915.0,2026-10-06 10:44:06,11.1
102903,UA-003,Tupak,0.3402909,-78.06904,2784.7,2026-10-06 10:44:06,12.6
102901,UA-001,Sapi,0.2233696,-78.0644363,3013.8,2026-10-06 10:44:16,12.4
102902,UA-002,Hari Sinchi,0.3232369,-77.9589848,2893.9,2026-10-06 10:44:16,13.7
102903,UA-003,Tupak,0.340283,-78.069035,2782.4,2026-10-06 10:44:16,12.7
102901,UA-001,Sapi,0.2235769,-78.0645142,3046.3,2026-10-06 10:44:26,11.8
102902,UA-002,Hari Sinchi,0.3232198,-77.9589985,2879.0,2026-10-06 10:44:26,12.6
102903,UA-003,Tupak,0.3402684,-78.0690133,2780.0,2026-10-06 10:44:26,12.9
102901,UA-001,Sapi,0.2238009,-78.0644707,3089.5,2026-10-06 10:44:36,10.9
102902,UA-002,Hari Sinchi,0.323212,-77.9590043,2864.8,2026-10-06 10:44:36,12.2
102903,UA-003,Tupak,0.3402565,-78.0690045,2784.4,2026-10-06 10:44:36,14.4
102901,UA-001,Sapi,0.2242096,-78.0648519,3133.6,2026-10-06 10:44:46,11.0
102902,UA-002,Hari Sinchi,0.3232103,-77.9590083,2857.6,2026-10-06 10:44:46,12.4
102903,UA-003,Tupak,0.3402548,-78.0689799,2782.5,2026-10-06 10:44:46,12.3
102901,UA-001,Sapi,0.2242916,-78.0649321,3165.2,2026-10-06 10:44:56,10.7
102902,UA-002,Hari Sinchi,0.3231943,-77.9590241,2852.2,2026-10-06 10:44:56,13.2
102903,UA-003,Tupak,0.3402492,-78.0689557,2776.1,2026-10-06 10:44:56,12.7
102901,UA-001,Sapi,0.2242569,-78.0652079,3166.1,2026-10-06 10:45:06,10.8
102902,UA-002,Hari Sinchi,0.323183,-77.9590317,2845.8,2026-10-06 10:45:06,12.4
102903,UA-003,Tupak,0.3402599,-78.068931,2775.1,2026-10-06 10:45:06,12.6
102901,UA-001,Sapi,0.2241116,-78.0653793,3157.2,2026-10-06 10:45:16,10.5
102902,UA-002,Hari Sinchi,0.3231747,-77.9590343,2847.6,2026-10-06 10:45:16,13.2
102903,UA-003,Tupak,0.3405161,-78.0688326,2770.6,2026-10-06 10:45:16,13.0
102901,UA-001,Sapi,0.2240859,-78.0654694,3147.1,2026-10-06 10:45:26,10.8
102902,UA-002,Hari Sinchi,0.3231738,-77.9590347,2840.4,2026-10-06 10:45:26,13.1
102903,UA-003,Tupak,0.3408161,-78.0685536,2769.0,2026-10-06 10:45:26,12.3
102901,UA-001,Sapi,0.2239803,-78.065589,3145.2,2026-10-06 10:45:36,10.5
102902,UA-002,Hari Sinchi,0.3231549,-77.9590527,2842.0,2026-10-06 10:45:36,13.4
102903,UA-003,Tupak,0.3409209,-78.0685045,2772.7,2026-10-06 10:45:36,12.9
102901,UA-001,Sapi,0.2236004,-78.0659101,3159.9,2026-10-06 10:45:46,10.4
102902,UA-002,Hari Sinchi,0.3231327,-77.9590638,2843.3,2026-10-06 10:45:46,12.1
102903,UA-003,Tupak,0.3413804,-78.0684924,2789.3,2026-10-06 10:45:46,11.9
102901,UA-001,Sapi,0.2233442,-78.0661428,3193.3,2026-10-06 10:45:56,10.3
102902,UA-002,Hari Sinchi,0.3231226,-77.959065,2841.9,2026-10-06 10:45:56,12.6
102903,UA-003,Tupak,0.341526,-78.0686634,2794.3,2026-10-06 10:45:56,11.6
102901,UA-001,Sapi,0.2231085,-78.0662281,3229.1,2026-10-06 10:46:06,11.1
102902,UA-002,Hari Sinchi,0.3231224,-77.9590649,2840.2,2026-10-06 10:46:06,12.3
102903,UA-003,Tupak,0.3416228,-78.0690398,2772.4,2026-10-06 10:46:06,12.6
102901,UA-001,Sapi,0.2228811,-78.0662596,3256.1,2026-10-06 10:46:16,9.9
102902,UA-002,Hari Sinchi,0.3229049,-77.9590184,2833.9,2026-10-06 10:46:16,12.9
102903,UA-003,Tupak,0.341432,-78.0691432,2751.7,2026-10-06 10:46:16,12.3
102901,UA-001,Sapi,0.2227271,-78.0664342,3278.3,2026-10-06 10:46:26,9.3
102902,UA-002,Hari Sinchi,0.3225059,-77.9590392,2842.1,2026-10-06 10:46:26,12.1
102903,UA-003,Tupak,0.341328,-78.0693139,2730.2,2026-10-06 10:46:26,13.0
102901,UA-001,Sapi,0.2226591,-78.0668361,3285.6,2026-10-06 10:46:36,10.7
102902,UA-002,Hari Sinchi,0.3223475,-77.9590161,2853.3,2026-10-06 10:46:36,12.1
102903,UA-003,Tupak,0.3412543,-78.0696183,2715.7,2026-10-06 10:46:36,12.7
102901,UA-001,Sapi,0.2226594,-78.0668775,3287.1,2026-10-06 10:46:46,9.9
102902,UA-002,Hari Sinchi,0.3222613,-77.9589983,2865.2,2026-10-06 10:46:46,11.9
102903,UA-003,Tupak,0.341188,-78.0699943,2714.4,2026-10-06 10:46:46,13.6
102901,UA-001,Sapi,0.2227477,-78.0675121,3268.9,2026-10-06 10:46:56,10.1
102902,UA-002,Hari Sinchi,0.321802,-77.9588997,2893.6,2026-10-06 10:46:56,11.8
102903,UA-003,Tupak,0.3412209,-78.0701022,2709.2,2026-10-06 10:46:56,13.1
102901,UA-001,Sapi,0.2227088,-78.0680831,3236.7,2026-10-06 10:47:06,11.1
102902,UA-002,Hari Sinchi,0.32134,-77.9586388,2936.5,2026-10-06 10:47:06,12.4
102903,UA-003,Tupak,0.3409191,-78.0705116,2731.3,2026-10-06 10:47:06,12.9
102901,UA-001,Sapi,0.2227338,-78.0684482,3217.3,2026-10-06 10:47:16,11.4
102902,UA-002,Hari Sinchi,0.3209207,-77.9585124,2977.5,2026-10-06 10:47:16,11.5
102903,UA-003,Tupak,0.3405611,-78.070755,2753.4,2026-10-06 10:47:16,13.0
102901,UA-001,Sapi,0.2226511,-78.0686531,3224.3,2026-10-06 10:47:26,10.0
102902,UA-002,Hari Sinchi,0.3206794,-77.9585866,3019.6,2026-10-06 10:47:26,11.8
102903,UA-003,Tupak,0.3402446,-78.070874,2769.8,2026-10-06 10:47:26,13.4
102901,UA-001,Sapi,0.2226722,-78.0688597,3235.0,2026-10-06 10:47:36,10.8
102902,UA-002,Hari Sinchi,0.3202542,-77.9585341,3051.6,2026-10-06 10:47:36,11.7
102903,UA-003,Tupak,0.3399464,-78.0706579,2784.2,2026-10-06 10:47:36,13.0
102901,UA-001,Sapi,0.2226958,-78.0694223,3260.3,2026-10-06 10:47:46,10.5
102902,UA-002,Hari Sinchi,0.3199549,-77.9582704,3060.4,2026-10-06 10:47:46,11.6
102903,UA-003,Tupak,0.3397909,-78.070375,2807.5,2026-10-06 10:47:46,12.7
102901,UA-001,Sapi,0.2227109,-78.0695303,3274.9,2026-10-06 10:47:56,10.6
102902,UA-002,Hari Sinchi,0.3197378,-77.9578995,3054.2,2026-10-06 10:47:56,10.8
102903,UA-003,Tupak,0.3394512,-78.0701335,2816.4,2026-10-06 10:47:56,12.6
102901,UA-001,Sapi,0.2227158,-78.0697183,3294.6,2026-10-06 10:48:06,11.9
102902,UA-002,Hari Sinchi,0.3195668,-77.9575821,3036.5,2026-10-06 10:48:06,12.1
102903,UA-003,Tupak,0.3392454,-78.0701024,2816.9,2026-10-06 10:48:06,12.4
102901,UA-001,Sapi,0.2226815,-78.0698644,3318.8,2026-10-06 10:48:16,10.2
102902,UA-002,Hari Sinchi,0.3193883,-77.9575202,3023.4,2026-10-06 10:48:16,11.9
102903,UA-003,Tupak,0.3389734,-78.0699159,2811.5,2026-10-06 10:48:16,13.0
102901,UA-001,Sapi,0.2225941,-78.0699835,3335.7,2026-10-06 10:48:26,9.5
102902,UA-002,Hari Sinchi,0.3189707,-77.9571922,3011.3,2026-10-06 10:48:26,10.8
102903,UA-003,Tupak,0.3385983,-78.0699117,2778.5,2026-10-06 10:48:26,12.7
102901,UA-001,Sapi,0.2222507,-78.0701865,3344.5,2026-10-06 10:48:36,10.2
102902,UA-002,Hari Sinchi,0.3187652,-77.9573425,2999.9,2026-10-06 10:48:36,11.3
102903,UA-003,Tupak,0.3383305,-78.0696755,2747.9,2026-10-06 10:48:36,12.6
102901,UA-001,Sapi,0.2220818,-78.0701611,3346.3,2026-10-06 10:48:46,10.7
102902,UA-002,Hari Sinchi,0.3183769,-77.9577232,2970.9,2026-10-06 10:48:46,11.4
102903,UA-003,Tupak,0.337994,-78.0695424,2704.9,2026-10-06 10:48:46,13.6
102901,UA-001,Sapi,0.2217841,-78.0700863,3350.2,2026-10-06 10:48:56,9.2
102902,UA-002,Hari Sinchi,0.3179634,-77.957827,2947.1,2026-10-06 10:48:56,12.4
102903,UA-003,Tupak,0.3379882,-78.0695425,2673.6,2026-10-06 10:48:56,13.2
102901,UA-001,Sapi,0.2213259,-78.0700353,3329.3,2026-10-06 10:49:06,11.0
102902,UA-002,Hari Sinchi,0.3176576,-77.9579717,2924.8,2026-10-06 10:49:06,11.6
102903,UA-003,Tupak,0.3379778,-78.0695484,2648.5,2026-10-06 10:49:06,13.7
102901,UA-001,Sapi,0.2211162,-78.0699638,3306.3,2026-10-06 10:49:16,10.1
102902,UA-002,Hari Sinchi,0.317244,-77.9581077,2931.0,2026-10-06 10:49:16,11.7
102903,UA-003,Tupak,0.3379705,-78.0695519,2632.5,2026-10-06 10:49:16,13.0
102901,UA-001,Sapi,0.2206941,-78.0699033,3269.8,2026-10-06 10:49:26,10.4
102902,UA-002,Hari Sinchi,0.3169926,-77.9582638,2954.1,2026-10-06 10:49:26,11.7
102903,UA-003,Tupak,0.3379588,-78.0695514,2617.6,2026-10-06 10:49:26,14.5
102901,UA-001,Sapi,0.2206859,-78.0699054,3244.3,2026-10-06 10:49:36,10.9
102902,UA-002,Hari Sinchi,0.316767,-77.9583269,2988.0,2026-10-06 10:49:36,12.9
102903,UA-003,Tupak,0.3379404,-78.0695539,2604.7,2026-10-06 10:49:36,14.7
102901,UA-001,Sapi,0.2206836,-78.0699071,3226.2,2026-10-06 10:49:46,11.5
102902,UA-002,Hari Sinchi,0.3163362,-77.958387,3036.9,2026-10-06 10:49:46,11.8
102903,UA-003,Tupak,0.3379263,-78.0695512,2598.4,2026-10-06 10:49:46,14.0
102901,UA-001,Sapi,0.2206742,-78.0699063,3210.6,2026-10-06 10:49:56,10.1
102902,UA-002,Hari Sinchi,0.315975,-77.9583971,3071.7,2026-10-06 10:49:56,12.0
102903,UA-003,Tupak,0.3379007,-78.0695514,2587.8,2026-10-06 10:49:56,13.8
102901,UA-001,Sapi,0.2206609,-78.0699136,3197.5,2026-10-06 10:50:06,9.9
102902,UA-002,Hari Sinchi,0.3158188,-77.9585097,3093.4,2026-10-06 10:50:06,11.1
102903,UA-003,Tupak,0.3378895,-78.0695455,2578.5,2026-10-06 10:50:06,14.4
102901,UA-001,Sapi,0.2206474,-78.0699221,3190.3,2026-10-06 10:50:16,11.3
102902,UA-002,Hari Sinchi,0.3155922,-77.9587394,3079.4,2026-10-06 10:50:16,12.0
102903,UA-003,Tupak,0.3378751,-78.0695384,2571.7,2026-10-06 10:50:16,14.8
102901,UA-001,Sapi,0.2206249,-78.0699345,3181.5,2026-10-06 10:50:26,9.4
102902,UA-002,Hari Sinchi,0.3155205,-77.9589535,3040.8,2026-10-06 10:50:26,11.1
102903,UA-003,Tupak,0.3378543,-78.0695317,2572.9,2026-10-06 10:50:26,14.7
102901,UA-001,Sapi,0.220623,-78.0699357,3175.4,2026-10-06 10:50:36,10.7
102902,UA-002,Hari Sinchi,0.3155205,-77.9589535,3014.1,2026-10-06 10:50:36,11.2
102903,UA-003,Tupak,0.3378335,-78.0695303,2567.3,2026-10-06 10:50:36,13.9
102901,UA-001,Sapi,0.2206098,-78.0699465,3173.0,2026-10-06 10:50:46,9.7
102902,UA-002,Hari Sinchi,0.3153377,-77.9591524,2966.2,2026-10-06 10:50:46,12.6
102903,UA-003,Tupak,0.3378313,-78.0695305,2560.2,2026-10-06 10:50:46,14.1
102901,UA-001,Sapi,0.2206056,-78.0699537,3164.7,2026-10-06 10:50:56,10.2
102902,UA-002,Hari Sinchi,0.3152976,-77.9596082,2910.3,2026-10-06 10:50:56,12.2
102903,UA-003,Tupak,0.3378125,-78.0695281,2567.0,2026-10-06 10:50:56,14.2
102901,UA-001,Sapi,0.2205826,-78.0699624,3163.5,2026-10-06 10:51:06,11.3
102902,UA-002,Hari Sinchi,0.3151395,-77.9598785,2871.3,2026-10-06 10:51:06,12.5
102903,UA-003,Tupak,0.3377861,-78.0695335,2561.3,2026-10-06 10:51:06,14.0
102901,UA-001,Sapi,0.2205698,-78.0699793,3158.7,2026-10-06 10:51:16,10.2
102902,UA-002,Hari Sinchi,0.3150024,-77.9599629,2850.6,2026-10-06 10:51:16,12.0
102903,UA-003,Tupak,0.3377816,-78.0695352,2554.0,2026-10-06 10:51:16,14.4
102901,UA-001,Sapi,0.2205545,-78.0699982,3153.2,2026-10-06 10:51:26,10.8
102902,UA-002,Hari Sinchi,0.3148277,-77.9603943,2866.4,2026-10-06 10:51:26,12.0
102903,UA-003,Tupak,0.3377768,-78.0695395,2555.1,2026-10-06 10:51:26,14.0
102901,UA-001,Sapi,0.2205339,-78.0700113,3153.1,2026-10-06 10:51:36,10.2
102902,UA-002,Hari Sinchi,0.3147061,-77.96062,2898.4,2026-10-06 10:51:36,13.3
102903,UA-003,Tupak,0.3377723,-78.0695425,2545.4,2026-10-06 10:51:36,14.7
102901,UA-001,Sapi,0.2205332,-78.0700125,3149.1,2026-10-06 10:51:46,10.8
102902,UA-002,Hari Sinchi,0.3145649,-77.9608077,2942.5,2026-10-06 10:51:46,12.7
102903,UA-003,Tupak,0.3377585,-78.0695441,2543.1,2026-10-06 10:51:46,14.7
102901,UA-001,Sapi,0.2205116,-78.0700242,3139.0,2026-10-06 10:51:56,11.6
102902,UA-002,Hari Sinchi,0.3144871,-77.961055,2982.3,2026-10-06 10:51:56,12.5
102903,UA-003,Tupak,0.33775,-78.0695437,2544.1,2026-10-06 10:51:56,13.4
102901,UA-001,Sapi,0.2205031,-78.0700273,3137.9,2026-10-06 10:52:06,11.4
102902,UA-002,Hari Sinchi,0.3144051,-77.9612847,3004.8,2026-10-06 10:52:06,11.9
102903,UA-003,Tupak,0.3377496,-78.069544,2541.3,2026-10-06 10:52:06,14.2
102901,UA-001,Sapi,0.2204836,-78.0700435,3133.2,2026-10-06 10:52:16,11.1
102902,UA-002,Hari Sinchi,0.3143182,-77.9614901,3022.4,2026-10-06 10:52:16,11.7
102903,UA-003,Tupak,0.3377338,-78.0695601,2533.7,2026-10-06 10:52:16,14.1
102901,UA-001,Sapi,0.2204801,-78.0700601,3129.3,2026-10-06 10:52:26,10.9
102902,UA-002,Hari Sinchi,0.3142806,-77.9618091,3014.3,2026-10-06 10:52:26,11.9
102903,UA-003,Tupak,0.3377315,-78.0695696,2535.2,2026-10-06 10:52:26,14.3
102901,UA-001,Sapi,0.2204769,-78.0700811,3128.0,2026-10-06 10:52:36,10.9
102902,UA-002,Hari Sinchi,0.3144064,-77.9620678,3002.5,2026-10-06 10:52:36,11.5
102903,UA-003,Tupak,0.337729,-78.0695756,2531.7,2026-10-06 10:52:36,15.1
102901,UA-001,Sapi,0.2204738,-78.0700965,3125.0,2026-10-06 10:52:46,11.9
102902,UA-002,Hari Sinchi,0.3144371,-77.9624726,2970.3,2026-10-06 10:52:46,12.3
102903,UA-003,Tupak,0.3377275,-78.0695803,2532.9,2026-10-06 10:52:46,14.7
102901,UA-001,Sapi,0.2204597,-78.0701177,3124.2,2026-10-06 10:52:56,10.8
102902,UA-002,Hari Sinchi,0.3144524,-77.9625317,2952.9,2026-10-06 10:52:56,11.9
102903,UA-003,Tupak,0.3377277,-78.0695812,2529.1,2026-10-06 10:52:56,15.0
102901,UA-001,Sapi,0.220437,-78.0701228,3123.8,2026-10-06 10:53:06,10.6
102902,UA-002,Hari Sinchi,0.3147895,-77.9629502,2939.0,2026-10-06 10:53:06,11.6
102903,UA-003,Tupak,0.3377294,-78.069586,2526.9,2026-10-06 10:53:06,14.9
102901,UA-001,Sapi,0.2204159,-78.0701267,3123.0,2026-10-06 10:53:16,11.5
102902,UA-002,Hari Sinchi,0.3149667,-77.9632811,2932.4,2026-10-06 10:53:16,10.9
102903,UA-003,Tupak,0.3380666,-78.0697649,2547.2,2026-10-06 10:53:16,14.2
102901,UA-001,Sapi,0.2204045,-78.0701228,3120.0,2026-10-06 10:53:26,10.9
102902,UA-002,Hari Sinchi,0.3149961,-77.9634278,2927.0,2026-10-06 10:53:26,12.0
102903,UA-003,Tupak,0.3381956,-78.0699031,2564.7,2026-10-06 10:53:26,14.4
102901,UA-001,Sapi,0.2204039,-78.0701222,3115.2,2026-10-06 10:53:36,11.0
102902,UA-002,Hari Sinchi,0.3151521,-77.963729,2928.6,2026-10-06 10:53:36,12.6
102903,UA-003,Tupak,0.3384802,-78.0700108,2595.2,2026-10-06 10:53:36,14.8
102901,UA-001,Sapi,0.2204015,-78.0701194,3113.8,2026-10-06 10:53:46,10.8
102902,UA-002,Hari Sinchi,0.315315,-77.9640301,2943.6,2026-10-06 10:53:46,12.3
102903,UA-003,Tupak,0.338759,-78.0703951,2614.9,2026-10-06 10:53:46,15.1
102901,UA-001,Sapi,0.2203857,-78.0701147,3104.1,2026-10-06 10:53:56,11.1
102902,UA-002,Hari Sinchi,0.3153588,-77.9644066,2972.4,2026-10-06 10:53:56,12.4
102903,UA-003,Tupak,0.3387246,-78.0707037,2612.4,2026-10-06 10:53:56,14.3
102901,UA-001,Sapi,0.2203782,-78.0701167,3106.7,2026-10-06 10:54:06,11.3
102902,UA-002,Hari Sinchi,0.3154719,-77.9646741,2999.3,2026-10-06 10:54:06,12.8
102903,UA-003,Tupak,0.3388065,-78.0710322,2599.9,2026-10-06 10:54:06,14.2
102901,UA-001,Sapi,0.2203782,-78.0701167,3113.4,2026-10-06 10:54:16,11.5
102902,UA-002,Hari Sinchi,0.3154587,-77.9648277,3025.8,2026-10-06 10:54:16,11.1
102903,UA-003,Tupak,0.3388975,-78.0712719,2589.1,2026-10-06 10:54:16,14.1
102901,UA-001,Sapi,0.2201308,-78.0700891,3112.8,2026-10-06 10:54:26,12.5
102902,UA-002,Hari Sinchi,0.3155114,-77.9651451,3058.6,2026-10-06 10:54:26,11.8
102903,UA-003,Tupak,0.3389808,-78.0714624,2582.2,2026-10-06 10:54:26,13.6
102901,UA-001,Sapi,0.2196727,-78.0701017,3116.0,2026-10-06 10:54:36,11.1
102902,UA-002,Hari Sinchi,0.3156181,-77.9655424,3101.8,2026-10-06 10:54:36,11.2
102903,UA-003,Tupak,0.3391478,-78.0715864,2566.7,2026-10-06 10:54:36,13.8
102901,UA-001,Sapi,0.2192758,-78.0701945,3138.0,2026-10-06 10:54:46,11.4
102902,UA-002,Hari Sinchi,0.3154218,-77.9660901,3150.0,2026-10-06 10:54:46,12.1
102903,UA-003,Tupak,0.3392966,-78.0716379,2559.9,2026-10-06 10:54:46,14.8
102901,UA-001,Sapi,0.2190586,-78.070313,3168.0,2026-10-06 10:54:56,10.6
102902,UA-002,Hari Sinchi,0.315351,-77.9661995,3181.6,2026-10-06 10:54:56,10.2
102903,UA-003,Tupak,0.3395302,-78.0717865,2543.6,2026-10-06 10:54:56,14.5
102901,UA-001,Sapi,0.2188158,-78.0703195,3194.7,2026-10-06 10:55:06,11.6
102902,UA-002,Hari Sinchi,0.3151146,-77.9664119,3180.1,2026-10-06 10:55:06,10.5
102903,UA-003,Tupak,0.3400668,-78.0719117,2524.5,2026-10-06 10:55:06,14.0
102901,UA-001,Sapi,0.2186044,-78.0706918,3224.3,2026-10-06 10:55:16,11.5
102902,UA-002,Hari Sinchi,0.3147774,-77.9667181,3137.2,2026-10-06 10:55:16,10.4
102903,UA-003,Tupak,0.3402397,-78.0720228,2516.8,2026-10-06 10:55:16,14.9
102901,UA-001,Sapi,0.2183384,-78.0707829,3238.8,2026-10-06 10:55:26,10.8
102902,UA-002,Hari Sinchi,0.3144952,-77.9669639,3073.9,2026-10-06 10:55:26,11.7
102903,UA-003,Tupak,0.3404638,-78.0721956,2513.3,2026-10-06 10:55:26,14.8
102901,UA-001,Sapi,0.2180598,-78.070725,3230.0,2026-10-06 10:55:36,10.9
102902,UA-002,Hari Sinchi,0.314424,-77.967141,3021.3,2026-10-06 10:55:36,12.0
102903,UA-003,Tupak,0.3408549,-78.0724643,2512.0,2026-10-06 10:55:36,14.4
102901,UA-001,Sapi,0.2177908,-78.0706304,3219.6,2026-10-06 10:55:46,9.9
102902,UA-002,Hari Sinchi,0.3143389,-77.9673691,2983.0,2026-10-06 10:55:46,12.0
102903,UA-003,Tupak,0.3409839,-78.0726923,2503.4,2026-10-06 10:55:46,15.0
102901,UA-001,Sapi,0.2176369,-78.0705726,3197.2,2026-10-06 10:55:56,10.2
102902,UA-002,Hari Sinchi,0.3141677,-77.9677599,2975.1,2026-10-06 10:55:56,11.8
102903,UA-003,Tupak,0.3414517,-78.0729186,2526.0,2026-10-06 10:55:56,13.5
102901,UA-001,Sapi,0.2175401,-78.0706537,3177.2,2026-10-06 10:56:06,10.5
102902,UA-002,Hari Sinchi,0.3140904,-77.9679026,2978.3,2026-10-06 10:56:06,12.3
102903,UA-003,Tupak,0.3418046,-78.0729579,2572.6,2026-10-06 10:56:06,13.5
102901,UA-001,Sapi,0.217367,-78.0707375,3154.8,2026-10-06 10:56:16,11.1
102902,UA-002,Hari Sinchi,0.3140614,-77.9681063,2997.7,2026-10-06 10:56:16,11.8
102903,UA-003,Tupak,0.3419587,-78.0729628,2627.4,2026-10-06 10:56:16,13.5
102901,UA-001,Sapi,0.2169829,-78.0709696,3131.6,2026-10-06 10:56:26,12.6
102902,UA-002,Hari Sinchi,0.3142389,-77.9685116,3016.5,2026-10-06 10:56:26,11.2
102903,UA-003,Tupak,0.3423699,-78.0729294,2694.6,2026-10-06 10:56:26,13.1
102901,UA-001,Sapi,0.2168887,-78.0712968,3132.0,2026-10-06 10:56:36,11.5
102902,UA-002,Hari Sinchi,0.3142701,-77.9685393,3027.4,2026-10-06 10:56:36,11.7
102903,UA-003,Tupak,0.3424228,-78.0729088,2745.2,2026-10-06 10:56:36,14.4
102901,UA-001,Sapi,0.2167473,-78.0716024,3156.6,2026-10-06 10:56:46,11.7
102902,UA-002,Hari Sinchi,0.3144682,-77.9685452,3021.4,2026-10-06 10:56:46,12.2
102903,UA-003,Tupak,0.3426141,-78.0727966,2794.9,2026-10-06 10:56:46,12.8
102901,UA-001,Sapi,0.2163238,-78.0719893,3198.2,2026-10-06 10:56:56,9.8
102902,UA-002,Hari Sinchi,0.314681,-77.9686679,3003.0,2026-10-06 10:56:56,12.4
102903,UA-003,Tupak,0.3429387,-78.0725851,2816.9,2026-10-06 10:56:56,13.9
102901,UA-001,Sapi,0.2162916,-78.0721774,3228.6,2026-10-06 10:57:06,11.3
102902,UA-002,Hari Sinchi,0.3150096,-77.9685982,2963.0,2026-10-06 10:57:06,11.8
102903,UA-003,Tupak,0.3434988,-78.0723984,2803.2,2026-10-06 10:57:06,13.1
102901,UA-001,Sapi,0.2160671,-78.0726767,3226.0,2026-10-06 10:57:16,10.9
102902,UA-002,Hari Sinchi,0.3153453,-77.9684064,2917.1,2026-10-06 10:57:16,12.4
102903,UA-003,Tupak,0.3438592,-78.0721893,2776.6,2026-10-06 10:57:16,12.4
102901,UA-001,Sapi,0.2159661,-78.0730287,3193.3,2026-10-06 10:57:26,10.5
102902,UA-002,Hari Sinchi,0.3155571,-77.9684458,2874.5,2026-10-06 10:57:26,12.6
102903,UA-003,Tupak,0.3440008,-78.071863,2758.8,2026-10-06 10:57:26,13.7
102901,UA-001,Sapi,0.2161168,-78.073508,3162.2,2026-10-06 10:57:36,11.5
102902,UA-002,Hari Sinchi,0.3158674,-77.9685897,2841.2,2026-10-06 10:57:36,12.7
102903,UA-003,Tupak,0.3440041,-78.0718568,2751.4,2026-10-06 10:57:36,12.0
102901,UA-001,Sapi,0.215988,-78.0737611,3123.7,2026-10-06 10:57:46,11.5
102902,UA-002,Hari Sinchi,0.3161311,-77.9686573,2823.9,2026-10-06 10:57:46,13.2
102903,UA-003,Tupak,0.3440123,-78.0718397,2740.9,2026-10-06 10:57:46,13.8
102901,UA-001,Sapi,0.2157377,-78.0738507,3084.4,2026-10-06 10:57:56,11.6
102902,UA-002,Hari Sinchi,0.3164124,-77.9685225,2827.7,2026-10-06 10:57:56,12.0
102903,UA-003,Tupak,0.3440089,-78.0718275,2733.0,2026-10-06 10:57:56,12.7
102901,UA-001,Sapi,0.2153324,-78.0738918,3053.2,2026-10-06 10:58:06,12.1
102902,UA-002,Hari Sinchi,0.3167187,-77.9682995,2871.3,2026-10-06 10:58:06,12.5
102903,UA-003,Tupak,0.3440021,-78.0718136,2729.9,2026-10-06 10:58:06,13.4
102901,UA-001,Sapi,0.2149636,-78.0738089,3035.5,2026-10-06 10:58:16,11.7
102902,UA-002,Hari Sinchi,0.3168631,-77.9679651,2928.6,2026-10-06 10:58:16,12.9
102903,UA-003,Tupak,0.3440006,-78.0718133,2727.5,2026-10-06 10:58:16,14.7
102901,UA-001,Sapi,0.214782,-78.0737534,3024.4,2026-10-06 10:58:26,12.4
102902,UA-002,Hari Sinchi,0.31721,-77.9679636,2980.5,2026-10-06 10:58:26,13.0
102903,UA-003,Tupak,0.3439999,-78.0718127,2720.1,2026-10-06 10:58:26,14.1
102901,UA-001,Sapi,0.214309,-78.0736112,3030.2,2026-10-06 10:58:36,11.6
102902,UA-002,Hari Sinchi,0.3175515,-77.9675964,3001.0,2026-10-06 10:58:36,12.0
102903,UA-003,Tupak,0.3439821,-78.0718123,2717.8,2026-10-06 10:58:36,13.0
102901,UA-001,Sapi,0.2139626,-78.0737647,3072.3,2026-10-06 10:58:46,11.6
102902,UA-002,Hari Sinchi,0.3175358,-77.967272,3005.1,2026-10-06 10:58:46,12.1
102903,UA-003,Tupak,0.3439761,-78.0718108,2715.3,2026-10-06 10:58:46,13.5
102901,UA-001,Sapi,0.213699,-78.074149,3123.1,2026-10-06 10:58:56,11.6
102902,UA-002,Hari Sinchi,0.3175488,-77.9672617,3003.0,2026-10-06 10:58:56,12.2
102903,UA-003,Tupak,0.3439616,-78.0718041,2710.7,2026-10-06 10:58:56,14.0
102901,UA-001,Sapi,0.2134681,-78.0743642,3144.7,2026-10-06 10:59:06,10.8
102902,UA-002,Hari Sinchi,0.317565,-77.9672494,3000.7,2026-10-06 10:59:06,10.8
102903,UA-003,Tupak,0.343939,-78.0717941,2707.6,2026-10-06 10:59:06,12.8
102901,UA-001,Sapi,0.2132895,-78.0746687,3152.2,2026-10-06 10:59:16,12.0
102902,UA-002,Hari Sinchi,0.3175724,-77.9672375,3000.9,2026-10-06 10:59:16,11.5
102903,UA-003,Tupak,0.3439195,-78.0717905,2710.5,2026-10-06 10:59:16,13.5
102901,UA-001,Sapi,0.2130065,-78.0749857,3131.5,2026-10-06 10:59:26,11.7
102902,UA-002,Hari Sinchi,0.3175775,-77.9672243,2995.9,2026-10-06 10:59:26,12.2
102903,UA-003,Tupak,0.3439067,-78.0717837,2710.2,2026-10-06 10:59:26,13.6
102901,UA-001,Sapi,0.2126229,-78.075102,3122.7,2026-10-06 10:59:36,11.5
102902,UA-002,Hari Sinchi,0.3175759,-77.9672132,2994.2,2026-10-06 10:59:36,12.6
102903,UA-003,Tupak,0.3439054,-78.071782,2707.1,2026-10-06 10:59:36,12.8
102901,UA-001,Sapi,0.2123069,-78.07521,3123.6,2026-10-06 10:59:46,12.6
102902,UA-002,Hari Sinchi,0.3175765,-77.9672124,2995.9,2026-10-06 10:59:46,12.9
102903,UA-003,Tupak,0.3439004,-78.0717789,2709.3,2026-10-06 10:59:46,13.3
102901,UA-001,Sapi,0.2119519,-78.0753651,3151.3,2026-10-06 10:59:56,11.7
102902,UA-002,Hari Sinchi,0.3175887,-77.9671964,2986.4,2026-10-06 10:59:56,12.6
102903,UA-003,Tupak,0.3438899,-78.071781,2709.0,2026-10-06 10:59:56,13.4
102901,UA-001,Sapi,0.2118166,-78.0753839,3175.3,2026-10-06 11:00:06,12.2
102902,UA-002,Hari Sinchi,0.3175829,-77.9671733,2986.8,2026-10-06 11:00:06,11.2
102903,UA-003,Tupak,0.3437855,-78.0717872,2708.8,2026-10-06 11:00:06,14.0
102901,UA-001,Sapi,0.2115012,-78.0751621,3205.7,2026-10-06 11:00:16,10.7
102902,UA-002,Hari Sinchi,0.317578,-77.967167,2986.6,2026-10-06 11:00:16,11.4
102903,UA-003,Tupak,0.3435175,-78.0716148,2700.8,2026-10-06 11:00:16,13.3
102901,UA-001,Sapi,0.2114206,-78.0750826,3229.5,2026-10-06 11:00:26,9.6
102902,UA-002,Hari Sinchi,0.3175634,-77.9671538,2987.4,2026-10-06 11:00:26,12.4
102903,UA-003,Tupak,0.3435887,-78.0713323,2692.1,2026-10-06 11:00:26,13.8
102901,UA-001,Sapi,0.2112562,-78.0748579,3251.0,2026-10-06 11:00:36,9.6
102902,UA-002,Hari Sinchi,0.3175507,-77.9671424,2988.5,2026-10-06 11:00:36,11.9
102903,UA-003,Tupak,0.343666,-78.0710719,2687.8,2026-10-06 11:00:36,13.6
102901,UA-001,Sapi,0.2110822,-78.0746107,3268.6,2026-10-06 11:00:46,11.1
102902,UA-002,Hari Sinchi,0.3175504,-77.9671422,2984.1,2026-10-06 11:00:46,12.1
102903,UA-003,Tupak,0.3433403,-78.0707484,2680.5,2026-10-06 11:00:46,14.5
102901,UA-001,Sapi,0.2108135,-78.0741098,3288.5,2026-10-06 11:00:56,11.5
102902,UA-002,Hari Sinchi,0.3175401,-77.9671234,2991.1,2026-10-06 11:00:56,12.2
102903,UA-003,Tupak,0.3433332,-78.0704258,2676.6,2026-10-06 11:00:56,13.7
102901,UA-001,Sapi,0.2105956,-78.0736639,3293.9,2026-10-06 11:01:06,12.0
102902,UA-002,Hari Sinchi,0.3175306,-77.9671198,2990.4,2026-10-06 11:01:06,12.8
102903,UA-003,Tupak,0.3432545,-78.0701733,2675.2,2026-10-06 11:01:06,13.6
102901,UA-001,Sapi,0.2105699,-78.0733989,3284.9,2026-10-06 11:01:16,10.5
102902,UA-002,Hari Sinchi,0.3173331,-77.9670765,3007.9,2026-10-06 11:01:16,12.6
102903,UA-003,Tupak,0.343153,-78.0699771,2675.2,2026-10-06 11:01:16,14.3
102901,UA-001,Sapi,0.2107016,-78.0731334,3277.7,2026-10-06 11:01:26,10.7
102902,UA-002,Hari Sinchi,0.3172832,-77.9670957,3016.2,2026-10-06 11:01:26,12.3
102903,UA-003,Tupak,0.3430101,-78.0699028,2677.5,2026-10-06 11:01:26,12.5
102901,UA-001,Sapi,0.2107558,-78.0730171,3265.6,2026-10-06 11:01:36,10.1
102902,UA-002,Hari Sinchi,0.3170525,-77.9673812,3042.1,2026-10-06 11:01:36,11.3
102903,UA-003,Tupak,0.3428836,-78.0699158,2667.8,2026-10-06 11:01:36,14.3
102901,UA-001,Sapi,0.2108298,-78.0726831,3267.8,2026-10-06 11:01:46,10.1
102902,UA-002,Hari Sinchi,0.3169119,-77.9675894,3067.7,2026-10-06 11:01:46,11.7
102903,UA-003,Tupak,0.3425252,-78.0699306,2652.2,2026-10-06 11:01:46,13.7
102901,UA-001,Sapi,0.2110792,-78.0723827,3290.2,2026-10-06 11:01:56,10.7
102902,UA-002,Hari Sinchi,0.3169032,-77.9678454,3077.6,2026-10-06 11:01:56,12.7
102903,UA-003,Tupak,0.3422833,-78.0701241,2630.9,2026-10-06 11:01:56,13.8
102901,UA-001,Sapi,0.2111133,-78.0723225,3312.0,2026-10-06 11:02:06,9.7
102902,UA-002,Hari Sinchi,0.3169375,-77.9679971,3076.7,2026-10-06 11:02:06,11.8
102903,UA-003,Tupak,0.3420458,-78.0703963,2616.7,2026-10-06 11:02:06,14.4
102901,UA-001,Sapi,0.2111216,-78.0723125,3329.3,2026-10-06 11:02:16,9.5
102902,UA-002,Hari Sinchi,0.3170614,-77.9681478,3075.3,2026-10-06 11:02:16,12.7
102903,UA-003,Tupak,0.3418157,-78.0707496,2620.3,2026-10-06 11:02:16,14.3
102901,UA-001,Sapi,0.2111236,-78.0723038,3344.5,2026-10-06 11:02:26,9.9
102902,UA-002,Hari Sinchi,0.3171097,-77.968166,3081.7,2026-10-06 11:02:26,12.2
102903,UA-003,Tupak,0.3414668,-78.0709807,2652.7,2026-10-06 11:02:26,13.6
102901,UA-001,Sapi,0.2111195,-78.0722889,3350.8,2026-10-06 11:02:36,9.9
102902,UA-002,Hari Sinchi,0.3173411,-77.9682973,3080.7,2026-10-06 11:02:36,11.2
102903,UA-003,Tupak,0.3413672,-78.0712081,2688.0,2026-10-06 11:02:36,13.5
102901,UA-001,Sapi,0.2111089,-78.072273,3356.0,2026-10-06 11:02:46,11.7
102902,UA-002,Hari Sinchi,0.3174378,-77.9682984,3089.1,2026-10-06 11:02:46,12.0
102903,UA-003,Tupak,0.3413131,-78.0714469,2706.2,2026-10-06 11:02:46,13.1
102901,UA-001,Sapi,0.2111104,-78.0722601,3356.3,2026-10-06 11:02:56,10.6
102902,UA-002,Hari Sinchi,0.3176515,-77.9681539,3096.7,2026-10-06 11:02:56,13.2
102903,UA-003,Tupak,0.3413047,-78.0715865,2726.9,2026-10-06 11:02:56,14.2
102901,UA-001,Sapi,0.2111054,-78.0722431,3363.1,2026-10-06 11:03:06,9.2
102902,UA-002,Hari Sinchi,0.3177641,-77.9677561,3086.6,2026-10-06 11:03:06,12.1
102903,UA-003,Tupak,0.341246,-78.0718663,2731.7,2026-10-06 11:03:06,13.5
102901,UA-001,Sapi,0.2111026,-78.0722379,3362.1,2026-10-06 11:03:16,10.5
102902,UA-002,Hari Sinchi,0.31776,-77.967468,3064.1,2026-10-06 11:03:16,12.6
102903,UA-003,Tupak,0.3412429,-78.0718737,2729.1,2026-10-06 11:03:16,12.9
102901,UA-001,Sapi,0.2110941,-78.0722338,3360.5,2026-10-06 11:03:26,10.6
102902,UA-002,Hari Sinchi,0.317801,-77.9671896,3026.1,2026-10-06 11:03:26,10.6
102903,UA-003,Tupak,0.3412413,-78.0718744,2729.1,2026-10-06 11:03:26,14.1
102901,UA-001,Sapi,0.2110917,-78.0722321,3364.4,2026-10-06 11:03:36,10.4
102902,UA-002,Hari Sinchi,0.31781,-77.967034,2990.2,2026-10-06 11:03:36,10.9
102903,UA-003,Tupak,0.3412291,-78.071877,2723.1,2026-10-06 11:03:36,14.1
102901,UA-001,Sapi,0.211089,-78.0722218,3364.6,2026-10-06 11:03:46,10.3
102902,UA-002,Hari Sinchi,0.3178266,-77.9667307,2955.4,2026-10-06 11:03:46,12.6
102903,UA-003,Tupak,0.3412101,-78.0718773,2718.2,2026-10-06 11:03:46,14.2
102901,UA-001,Sapi,0.2110821,-78.0722148,3365.6,2026-10-06 11:03:56,9.7
102902,UA-002,Hari Sinchi,0.3178266,-77.9667307,2929.3,2026-10-06 11:03:56,11.2
102903,UA-003,Tupak,0.3412001,-78.0718738,2720.0,2026-10-06 11:03:56,13.9
102901,UA-001,Sapi,0.2110715,-78.0722,3367.7,2026-10-06 11:04:06,9.4
102902,UA-002,Hari Sinchi,0.3177519,-77.9664784,2911.4,2026-10-06 11:04:06,12.6
102903,UA-003,Tupak,0.3411921,-78.0718678,2721.7,2026-10-06 11:04:06,14.0
102901,UA-001,Sapi,0.2110624,-78.0721931,3363.1,2026-10-06 11:04:16,11.1
102902,UA-002,Hari Sinchi,0.3175893,-77.9661297,2906.2,2026-10-06 11:04:16,13.1
102903,UA-003,Tupak,0.3411895,-78.0718634,2717.1,2026-10-06 11:04:16,13.7
102901,UA-001,Sapi,0.2110496,-78.0721957,3363.8,2026-10-06 11:04:26,10.2
102902,UA-002,Hari Sinchi,0.3174056,-77.9659743,2904.6,2026-10-06 11:04:26,13.1
102903,UA-003,Tupak,0.3411869,-78.0718518,2721.2,2026-10-06 11:04:26,13.6
102901,UA-001,Sapi,0.2110488,-78.0721961,3363.6,2026-10-06 11:04:36,10.8
102902,UA-002,Hari Sinchi,0.3172966,-77.9659343,2909.1,2026-10-06 11:04:36,11.9
102903,UA-003,Tupak,0.3411824,-78.071837,2724.9,2026-10-06 11:04:36,13.2
102901,UA-001,Sapi,0.2110305,-78.0722051,3361.9,2026-10-06 11:04:46,10.3
102902,UA-002,Hari Sinchi,0.317197,-77.9658485,2919.2,2026-10-06 11:04:46,13.3
102903,UA-003,Tupak,0.3411845,-78.0718135,2725.4,2026-10-06 11:04:46,13.0
102901,UA-001,Sapi,0.2110108,-78.0722176,3363.0,2026-10-06 11:04:56,10.5
102902,UA-002,Hari Sinchi,0.3168978,-77.9658628,2945.7,2026-10-06 11:04:56,12.2
102903,UA-003,Tupak,0.3411783,-78.0718038,2721.9,2026-10-06 11:04:56,13.0
102901,UA-001,Sapi,0.2110083,-78.0722327,3355.1,2026-10-06 11:05:06,10.8
102902,UA-002,Hari Sinchi,0.3164817,-77.9659039,2984.3,2026-10-06 11:05:06,11.7
102903,UA-003,Tupak,0.3411807,-78.0717901,2720.4,2026-10-06 11:05:06,13.6
102901,UA-001,Sapi,0.2107596,-78.0726339,3327.7,2026-10-06 11:05:16,11.0
102902,UA-002,Hari Sinchi,0.3163318,-77.9658784,3029.7,2026-10-06 11:05:16,10.9
102903,UA-003,Tupak,0.3411903,-78.0717857,2725.9,2026-10-06 11:05:16,13.1
102901,UA-001,Sapi,0.2105734,-78.0728418,3300.3,2026-10-06 11:05:26,10.2
102902,UA-002,Hari Sinchi,0.316071,-77.9660537,3085.2,2026-10-06 11:05:26,10.8
102903,UA-003,Tupak,0.3412463,-78.0717104,2732.6,2026-10-06 11:05:26,13.6
102901,UA-001,Sapi,0.2105488,-78.0730258,3284.3,2026-10-06 11:05:36,9.7
102902,UA-002,Hari Sinchi,0.3156786,-77.9664311,3131.5,2026-10-06 11:05:36,10.6
102903,UA-003,Tupak,0.3413794,-78.0714979,2745.6,2026-10-06 11:05:36,13.4
102901,UA-001,Sapi,0.2105667,-78.0733427,3273.5,2026-10-06 11:05:46,11.8
102902,UA-002,Hari Sinchi,0.3154514,-77.9666421,3153.0,2026-10-06 11:05:46,12.2
102903,UA-003,Tupak,0.3417677,-78.0712963,2743.5,2026-10-06 11:05:46,13.4
102901,UA-001,Sapi,0.2106776,-78.0735785,3270.9,2026-10-06 11:05:56,10.3
102902,UA-002,Hari Sinchi,0.3154493,-77.966646,3167.3,2026-10-06 11:05:56,10.8
102903,UA-003,Tupak,0.3419684,-78.0711898,2725.5,2026-10-06 11:05:56,13.8
102901,UA-001,Sapi,0.2108464,-78.0738552,3276.6,2026-10-06 11:06:06,10.9
102902,UA-002,Hari Sinchi,0.3154588,-77.9666709,3173.3,2026-10-06 11:06:06,10.8
102903,UA-003,Tupak,0.3421314,-78.0711987,2708.9,2026-10-06 11:06:06,14.6
102901,UA-001,Sapi,0.2108081,-78.0743091,3295.7,2026-10-06 11:06:16,10.8
102902,UA-002,Hari Sinchi,0.3154579,-77.9666976,3180.0,2026-10-06 11:06:16,11.9
102903,UA-003,Tupak,0.3424547,-78.0711765,2679.5,2026-10-06 11:06:16,14.9
102901,UA-001,Sapi,0.21072,-78.0747197,3316.3,2026-10-06 11:06:26,10.8
102902,UA-002,Hari Sinchi,0.3154498,-77.9667113,3174.8,2026-10-06 11:06:26,10.1
102903,UA-003,Tupak,0.3428229,-78.0712669,2664.9,2026-10-06 11:06:26,13.0
102901,UA-001,Sapi,0.2107775,-78.0748517,3327.6,2026-10-06 11:06:36,11.0
102902,UA-002,Hari Sinchi,0.3154437,-77.9667279,3178.9,2026-10-06 11:06:36,9.5
102903,UA-003,Tupak,0.3429181,-78.0715534,2665.8,2026-10-06 11:06:36,13.8
102901,UA-001,Sapi,0.2110326,-78.074949,3330.5,2026-10-06 11:06:46,9.4
102902,UA-002,Hari Sinchi,0.3154404,-77.9667543,3177.9,2026-10-06 11:06:46,11.3
102903,UA-003,Tupak,0.3430195,-78.071732,2670.7,2026-10-06 11:06:46,13.1
102901,UA-001,Sapi,0.2113465,-78.0749961,3321.9,2026-10-06 11:06:56,11.0
102902,UA-002,Hari Sinchi,0.3154395,-77.966755,3177.6,2026-10-06 11:06:56,10.7
102903,UA-003,Tupak,0.3433043,-78.0718466,2681.1,2026-10-06 11:06:56,13.7
102901,UA-001,Sapi,0.2117377,-78.0749785,3294.1,2026-10-06 11:07:06,10.9
102902,UA-002,Hari Sinchi,0.3154219,-77.9667678,3170.6,2026-10-06 11:07:06,11.5
102903,UA-003,Tupak,0.3436998,-78.0717356,2688.7,2026-10-06 11:07:06,13.8
102901,UA-001,Sapi,0.2120623,-78.0748801,3255.0,2026-10-06 11:07:16,11.5
102902,UA-002,Hari Sinchi,0.3154149,-77.9667778,3166.0,2026-10-06 11:07:16,11.4
102903,UA-003,Tupak,0.3437954,-78.0716854,2687.1,2026-10-06 11:07:16,15.1
102901,UA-001,Sapi,0.2126268,-78.0747428,3204.5,2026-10-06 11:07:26,11.2
102902,UA-002,Hari Sinchi,0.315399,-77.9667916,3161.7,2026-10-06 11:07:26,11.4
102903,UA-003,Tupak,0.3443064,-78.0715148,2712.8,2026-10-06 11:07:26,14.0
102901,UA-001,Sapi,0.2128723,-78.0746309,3176.2,2026-10-06 11:07:36,11.2
102902,UA-002,Hari Sinchi,0.3152722,-77.9669521,3139.1,2026-10-06 11:07:36,11.6
102903,UA-003,Tupak,0.3445379,-78.0713255,2743.5,2026-10-06 11:07:36,13.0
102901,UA-001,Sapi,0.2131914,-78.0746387,3164.9,2026-10-06 11:07:46,10.8
102902,UA-002,Hari Sinchi,0.3151959,-77.9673591,3089.8,2026-10-06 11:07:46,11.4
102903,UA-003,Tupak,0.344789,-78.0712684,2772.4,2026-10-06 11:07:46,13.7
102901,UA-001,Sapi,0.2133904,-78.0747085,3163.5,2026-10-06 11:07:56,11.2
102902,UA-002,Hari Sinchi,0.3151635,-77.9679828,3018.6,2026-10-06 11:07:56,11.6
102903,UA-003,Tupak,0.3451001,-78.0710551,2788.5,2026-10-06 11:07:56,14.5
102901,UA-001,Sapi,0.2136059,-78.074721,3166.0,2026-10-06 11:08:06,11.5
102902,UA-002,Hari Sinchi,0.3151538,-77.9680804,2965.5,2026-10-06 11:08:06,12.3
102903,UA-003,Tupak,0.345368,-78.0708897,2782.0,2026-10-06 11:08:06,13.8
102901,UA-001,Sapi,0.2138964,-78.0743749,3183.8,2026-10-06 11:08:16,11.1
102902,UA-002,Hari Sinchi,0.3153794,-77.9684494,2917.9,2026-10-06 11:08:16,12.5
102903,UA-003,Tupak,0.3455979,-78.0707476,2765.1,2026-10-06 11:08:16,13.6
102901,UA-001,Sapi,0.2139955,-78.0738334,3177.3,2026-10-06 11:08:26,11.8
102902,UA-002,Hari Sinchi,0.3155792,-77.9687569,2874.9,2026-10-06 11:08:26,12.0
102903,UA-003,Tupak,0.3460414,-78.0706268,2716.4,2026-10-06 11:08:26,13.9
102901,UA-001,Sapi,0.2141606,-78.0735747,3154.8,2026-10-06 11:08:36,11.9
102902,UA-002,Hari Sinchi,0.3156339,-77.9690243,2845.8,2026-10-06 11:08:36,13.5
102903,UA-003,Tupak,0.3462708,-78.0705238,2685.4,2026-10-06 11:08:36,12.8
102901,UA-001,Sapi,0.2141606,-78.0735747,3138.3,2026-10-06 11:08:46,11.6
102902,UA-002,Hari Sinchi,0.315629,-77.9693924,2833.4,2026-10-06 11:08:46,12.6
102903,UA-003,Tupak,0.3468069,-78.0704213,2674.0,2026-10-06 11:08:46,14.2
102901,UA-001,Sapi,0.2142994,-78.0734024,3104.3,2026-10-06 11:08:56,11.6
102902,UA-002,Hari Sinchi,0.3155726,-77.9698287,2845.9,2026-10-06 11:08:56,12.5
102903,UA-003,Tupak,0.3469007,-78.0704235,2670.5,2026-10-06 11:08:56,15.1
102901,UA-001,Sapi,0.2145149,-78.0730886,3053.9,2026-10-06 11:09:06,11.6
102902,UA-002,Hari Sinchi,0.3156521,-77.9700256,2863.7,2026-10-06 11:09:06,12.8
102903,UA-003,Tupak,0.3471812,-78.0706692,2661.6,2026-10-06 11:09:06,14.0
102901,UA-001,Sapi,0.2146267,-78.07277,3010.0,2026-10-06 11:09:16,12.0
102902,UA-002,Hari Sinchi,0.3156574,-77.9701555,2878.8,2026-10-06 11:09:16,12.4
102903,UA-003,Tupak,0.3471927,-78.0706698,2660.5,2026-10-06 11:09:16,13.6
102901,UA-001,Sapi,0.2145514,-78.072327,2985.6,2026-10-06 11:09:26,11.8
102902,UA-002,Hari Sinchi,0.3157042,-77.9703462,2898.1,2026-10-06 11:09:26,13.4
102903,UA-003,Tupak,0.3472085,-78.0706767,2655.3,2026-10-06 11:09:26,13.9
102901,UA-001,Sapi,0.2144997,-78.0720412,2981.7,2026-10-06 11:09:36,13.3
102902,UA-002,Hari Sinchi,0.3159183,-77.9706065,2913.4,2026-10-06 11:09:36,12.1
102903,UA-003,Tupak,0.3472119,-78.0706832,2651.2,2026-10-06 11:09:36,14.1
102901,UA-001,Sapi,0.2145089,-78.0716849,3006.6,2026-10-06 11:09:46,11.1
102902,UA-002,Hari Sinchi,0.3161223,-77.9710014,2940.7,2026-10-06 11:09:46,13.4
102903,UA-003,Tupak,0.3472083,-78.0707042,2645.6,2026-10-06 11:09:46,15.0
102901,UA-001,Sapi,0.2145089,-78.0716849,3021.8,2026-10-06 11:09:56,11.6
102902,UA-002,Hari Sinchi,0.31617,-77.9713552,2964.3,2026-10-06 11:09:56,13.0
102903,UA-003,Tupak,0.3472126,-78.0707129,2639.0,2026-10-06 11:09:56,14.9
102901,UA-001,Sapi,0.2146398,-78.0712595,3078.5,2026-10-06 11:10:06,11.8
102902,UA-002,Hari Sinchi,0.3161702,-77.9713597,2983.6,2026-10-06 11:10:06,13.2
102903,UA-003,Tupak,0.3472127,-78.0707134,2634.2,2026-10-06 11:10:06,13.9
102901,UA-001,Sapi,0.2145974,-78.0709078,3146.2,2026-10-06 11:10:16,12.2
102902,UA-002,Hari Sinchi,0.3161421,-77.9717392,2995.0,2026-10-06 11:10:16,11.5
102903,UA-003,Tupak,0.3472145,-78.0707158,2632.9,2026-10-06 11:10:16,13.7
102901,UA-001,Sapi,0.2144125,-78.0705521,3205.9,2026-10-06 11:10:26,10.6
102902,UA-002,Hari Sinchi,0.3164832,-77.9722601,3014.7,2026-10-06 11:10:26,12.1
102903,UA-003,Tupak,0.3475372,-78.0706958,2647.0,2026-10-06 11:10:26,13.1
102901,UA-001,Sapi,0.2143494,-78.0703237,3255.1,2026-10-06 11:10:36,10.3
102902,UA-002,Hari Sinchi,0.3164358,-77.9724645,3020.4,2026-10-06 11:10:36,11.5
102903,UA-003,Tupak,0.3477298,-78.0706226,2675.0,2026-10-06 11:10:36,13.0
102901,UA-001,Sapi,0.2141476,-78.0698417,3300.3,2026-10-06 11:10:46,10.5
102902,UA-002,Hari Sinchi,0.3164354,-77.9727816,3020.2,2026-10-06 11:10:46,12.3
102903,UA-003,Tupak,0.3477802,-78.0705734,2697.9,2026-10-06 11:10:46,14.2
102901,UA-001,Sapi,0.21398,-78.0695566,3330.5,2026-10-06 11:10:56,10.9
102902,UA-002,Hari Sinchi,0.3164897,-77.9728876,3019.1,2026-10-06 11:10:56,11.1
102903,UA-003,Tupak,0.3479781,-78.0701951,2753.1,2026-10-06 11:10:56,14.0
102901,UA-001,Sapi,0.2139241,-78.0694512,3351.2,2026-10-06 11:11:06,11.8
102902,UA-002,Hari Sinchi,0.3165141,-77.9732691,3014.6,2026-10-06 11:11:06,11.9
102903,UA-003,Tupak,0.3481827,-78.0698693,2795.1,2026-10-06 11:11:06,13.8
102901,UA-001,Sapi,0.2140231,-78.0692887,3361.2,2026-10-06 11:11:16,10.9
102902,UA-002,Hari Sinchi,0.3165989,-77.9734349,3009.2,2026-10-06 11:11:16,11.6
102903,UA-003,Tupak,0.3481805,-78.0695177,2820.8,2026-10-06 11:11:16,14.1
102901,UA-001,Sapi,0.2141326,-78.069071,3358.4,2026-10-06 11:11:26,10.5
102902,UA-002,Hari Sinchi,0.3167678,-77.9738122,3006.6,2026-10-06 11:11:26,12.3
102903,UA-003,Tupak,0.3480673,-78.0690956,2830.7,2026-10-06 11:11:26,12.7
102901,UA-001,Sapi,0.2142375,-78.0685952,3333.1,2026-10-06 11:11:36,9.9
102902,UA-002,Hari Sinchi,0.316849,-77.9739683,3007.7,2026-10-06 11:11:36,12.1
102903,UA-003,Tupak,0.3479758,-78.0687133,2827.9,2026-10-06 11:11:36,13.2
102901,UA-001,Sapi,0.2142229,-78.0682447,3305.3,2026-10-06 11:11:46,11.4
102902,UA-002,Hari Sinchi,0.3169205,-77.9742191,3002.3,2026-10-06 11:11:46,12.0
102903,UA-003,Tupak,0.3478276,-78.0685452,2830.2,2026-10-06 11:11:46,12.4
102901,UA-001,Sapi,0.2141276,-78.0679886,3280.4,2026-10-06 11:11:56,9.3
102902,UA-002,Hari Sinchi,0.3167503,-77.974619,3029.7,2026-10-06 11:11:56,12.3
102903,UA-003,Tupak,0.3478219,-78.0682481,2820.5,2026-10-06 11:11:56,13.7
102901,UA-001,Sapi,0.214019,-78.0675922,3261.1,2026-10-06 11:12:06,11.4
102902,UA-002,Hari Sinchi,0.3165314,-77.9748631,3082.1,2026-10-06 11:12:06,11.9
102903,UA-003,Tupak,0.3477413,-78.0678055,2787.7,2026-10-06 11:12:06,13.7
102901,UA-001,Sapi,0.2140624,-78.0671968,3251.4,2026-10-06 11:12:16,11.1
102902,UA-002,Hari Sinchi,0.3165259,-77.9751676,3119.9,2026-10-06 11:12:16,12.5
102903,UA-003,Tupak,0.3473918,-78.0677155,2774.2,2026-10-06 11:12:16,13.1
102901,UA-001,Sapi,0.214175,-78.066866,3256.5,2026-10-06 11:12:26,10.3
102902,UA-002,Hari Sinchi,0.3165713,-77.9752979,3145.2,2026-10-06 11:12:26,11.0
102903,UA-003,Tupak,0.3470794,-78.0678137,2785.0,2026-10-06 11:12:26,13.0
102901,UA-001,Sapi,0.2142772,-78.0664922,3273.8,2026-10-06 11:12:36,10.8
102902,UA-002,Hari Sinchi,0.3168114,-77.975524,3160.4,2026-10-06 11:12:36,11.2
102903,UA-003,Tupak,0.3467137,-78.0682094,2824.5,2026-10-06 11:12:36,12.6
102901,UA-001,Sapi,0.2144126,-78.066095,3275.7,2026-10-06 11:12:46,10.8
102902,UA-002,Hari Sinchi,0.3169478,-77.9754762,3159.4,2026-10-06 11:12:46,10.6
102903,UA-003,Tupak,0.346478,-78.0685253,2862.7,2026-10-06 11:12:46,13.1
102901,UA-001,Sapi,0.214313,-78.0658444,3271.7,2026-10-06 11:12:56,10.3
102902,UA-002,Hari Sinchi,0.3172339,-77.9754312,3130.8,2026-10-06 11:12:56,11.5
102903,UA-003,Tupak,0.3463379,-78.0688196,2874.5,2026-10-06 11:12:56,12.4
102901,UA-001,Sapi,0.2144317,-78.0654438,3230.6,2026-10-06 11:13:06,11.1
102902,UA-002,Hari Sinchi,0.3176647,-77.9755923,3082.3,2026-10-06 11:13:06,11.9
102903,UA-003,Tupak,0.3462273,-78.0690745,2864.2,2026-10-06 11:13:06,11.8
102901,UA-001,Sapi,0.2146703,-78.0652153,3167.8,2026-10-06 11:13:16,11.6
102902,UA-002,Hari Sinchi,0.3180117,-77.9757936,3037.5,2026-10-06 11:13:16,12.9
102903,UA-003,Tupak,0.3461711,-78.0693625,2825.3,2026-10-06 11:13:16,13.6
102901,UA-001,Sapi,0.2149637,-78.0649871,3107.1,2026-10-06 11:13:26,11.1
102902,UA-002,Hari Sinchi,0.3182444,-77.9758696,2997.0,2026-10-06 11:13:26,11.5
102903,UA-003,Tupak,0.3461679,-78.0695649,2792.2,2026-10-06 11:13:26,13.1
102901,UA-001,Sapi,0.2151545,-78.0650384,3060.3,2026-10-06 11:13:36,12.7
102902,UA-002,Hari Sinchi,0.3184951,-77.9758769,2946.2,2026-10-06 11:13:36,12.5
102903,UA-003,Tupak,0.3462035,-78.0699644,2752.5,2026-10-06 11:13:36,13.9
102901,UA-001,Sapi,0.2151596,-78.0650386,3026.6,2026-10-06 11:13:46,13.3
102902,UA-002,Hari Sinchi,0.3188274,-77.9755625,2897.0,2026-10-06 11:13:46,13.9
102903,UA-003,Tupak,0.3461931,-78.0704243,2708.1,2026-10-06 11:13:46,13.4
102901,UA-001,Sapi,0.2151705,-78.0650382,3001.2,2026-10-06 11:13:56,12.7
102902,UA-002,Hari Sinchi,0.3189925,-77.9753039,2867.2,2026-10-06 11:13:56,13.6
102903,UA-003,Tupak,0.3462391,-78.0706243,2680.3,2026-10-06 11:13:56,13.2
102901,UA-001,Sapi,0.2151829,-78.0650467,2986.9,2026-10-06 11:14:06,13.5
102902,UA-002,Hari Sinchi,0.3189617,-77.9750161,2865.0,2026-10-06 11:14:06,12.4
102903,UA-003,Tupak,0.3463665,-78.0708556,2657.9,2026-10-06 11:14:06,13.4
102901,UA-001,Sapi,0.2151894,-78.065056,2976.2,2026-10-06 11:14:16,12.1
102902,UA-002,Hari Sinchi,0.3190772,-77.9748028,2871.4,2026-10-06 11:14:16,12.7
102903,UA-003,Tupak,0.346456,-78.0710672,2641.4,2026-10-06 11:14:16,13.1
102901,UA-001,Sapi,0.2151997,-78.0650603,2972.0,2026-10-06 11:14:26,12.7
102902,UA-002,Hari Sinchi,0.3191867,-77.9748152,2885.1,2026-10-06 11:14:26,12.5
102903,UA-003,Tupak,0.3466703,-78.0713638,2624.2,2026-10-06 11:14:26,14.6
102901,UA-001,Sapi,0.215225,-78.0650685,2969.2,2026-10-06 11:14:36,11.8
102902,UA-002,Hari Sinchi,0.3195193,-77.9747446,2899.9,2026-10-06 11:14:36,12.6
102903,UA-003,Tupak,0.3467605,-78.0714092,2606.9,2026-10-06 11:14:36,14.4
102901,UA-001,Sapi,0.2152251,-78.0650685,2961.6,2026-10-06 11:14:46,12.7
102902,UA-002,Hari Sinchi,0.3198496,-77.9743976,2910.0,2026-10-06 11:14:46,13.0
102903,UA-003,Tupak,0.3468586,-78.0717094,2592.2,2026-10-06 11:14:46,13.8
102901,UA-001,Sapi,0.215235,-78.0650714,2960.2,2026-10-06 11:14:56,13.6
102902,UA-002,Hari Sinchi,0.3199728,-77.9742156,2904.6,2026-10-06 11:14:56,13.3
102903,UA-003,Tupak,0.3468435,-78.0717316,2580.7,2026-10-06 11:14:56,14.5
102901,UA-001,Sapi,0.2152422,-78.0650779,2967.2,2026-10-06 11:15:06,13.1
102902,UA-002,Hari Sinchi,0.3200905,-77.9739933,2889.9,2026-10-06 11:15:06,12.7
102903,UA-003,Tupak,0.3468437,-78.0717361,2573.4,2026-10-06 11:15:06,15.5
102901,UA-001,Sapi,0.2152428,-78.0650787,2963.8,2026-10-06 11:15:16,13.0
102902,UA-002,Hari Sinchi,0.3201053,-77.9736878,2864.3,2026-10-06 11:15:16,12.7
102903,UA-003,Tupak,0.3468429,-78.0717473,2568.7,2026-10-06 11:15:16,14.4
102901,UA-001,Sapi,0.2152445,-78.0650914,2967.2,2026-10-06 11:15:26,13.0
102902,UA-002,Hari Sinchi,0.320058,-77.9734559,2842.3,2026-10-06 11:15:26,13.3
102903,UA-003,Tupak,0.3468445,-78.0717696,2572.5,2026-10-06 11:15:26,14.5
102901,UA-001,Sapi,0.2152443,-78.0650946,2966.8,2026-10-06 11:15:36,12.5
102902,UA-002,Hari Sinchi,0.3198505,-77.973121,2827.7,2026-10-06 11:15:36,12.6
102903,UA-003,Tupak,0.346845,-78.0717706,2569.3,2026-10-06 11:15:36,15.3
102901,UA-001,Sapi,0.2152435,-78.0651197,2966.7,2026-10-06 11:15:46,12.7
102902,UA-002,Hari Sinchi,0.3198033,-77.9730654,2817.0,2026-10-06 11:15:46,13.0
102903,UA-003,Tupak,0.3468471,-78.07179,2571.3,2026-10-06 11:15:46,14.8
102901,UA-001,Sapi,0.2152408,-78.0651253,2966.4,2026-10-06 11:15:56,13.0
102902,UA-002,Hari Sinchi,0.3196956,-77.9727564,2814.9,2026-10-06 11:15:56,13.6
102903,UA-003,Tupak,0.3468567,-78.0718074,2574.8,2026-10-06 11:15:56,15.5
102901,UA-001,Sapi,0.2152398,-78.065126,2962.8,2026-10-06 11:16:06,13.4
102902,UA-002,Hari Sinchi,0.3193296,-77.9725539,2818.6,2026-10-06 11:16:06,13.6
102903,UA-003,Tupak,0.3468566,-78.0718123,2567.0,2026-10-06 11:16:06,16.0
102901,UA-001,Sapi,0.2152385,-78.0651333,2968.0,2026-10-06 11:16:16,12.9
102902,UA-002,Hari Sinchi,0.3192616,-77.97243,2831.5,2026-10-06 11:16:16,12.8
102903,UA-003,Tupak,0.3468546,-78.0718161,2564.6,2026-10-06 11:16:16,15.2
102901,UA-001,Sapi,0.2152377,-78.0651549,2966.9,2026-10-06 11:16:26,12.1
102902,UA-002,Hari Sinchi,0.3192781,-77.9720347,2845.0,2026-10-06 11:16:26,13.6
102903,UA-003,Tupak,0.3468527,-78.0718292,2569.3,2026-10-06 11:16:26,14.2
102901,UA-001,Sapi,0.2152377,-78.0651566,2967.5,2026-10-06 11:16:36,12.2
102902,UA-002,Hari Sinchi,0.3192698,-77.9720165,2858.1,2026-10-06 11:16:36,12.4
102903,UA-003,Tupak,0.3468384,-78.0718506,2569.0,2026-10-06 11:16:36,15.3
102901,UA-001,Sapi,0.2152448,-78.0651658,2968.1,2026-10-06 11:16:46,12.6
102902,UA-002,Hari Sinchi,0.3192593,-77.972002,2866.9,2026-10-06 11:16:46,13.5
102903,UA-003,Tupak,0.3468437,-78.0718662,2578.5,2026-10-06 11:16:46,15.0
102901,UA-001,Sapi,0.2152577,-78.0651702,2970.0,2026-10-06 11:16:56,12.6
102902,UA-002,Hari Sinchi,0.3192597,-77.9719933,2873.5,2026-10-06 11:16:56,12.9
102903,UA-003,Tupak,0.3468533,-78.0718759,2576.9,2026-10-06 11:16:56,14.6
102901,UA-001,Sapi,0.2152696,-78.0651718,2969.5,2026-10-06 11:17:06,12.7
102902,UA-002,Hari Sinchi,0.3192529,-77.9719818,2887.6,2026-10-06 11:17:06,12.1
102903,UA-003,Tupak,0.3468616,-78.071883,2580.0,2026-10-06 11:17:06,14.1
102901,UA-001,Sapi,0.2152896,-78.0651816,2963.3,2026-10-06 11:17:16,12.8
102902,UA-002,Hari Sinchi,0.3192382,-77.971978,2887.9,2026-10-06 11:17:16,12.4
102903,UA-003,Tupak,0.3468654,-78.0718914,2573.5,2026-10-06 11:17:16,14.6
102901,UA-001,Sapi,0.2153102,-78.065183,2962.7,2026-10-06 11:17:26,11.7
102902,UA-002,Hari Sinchi,0.3192284,-77.9719773,2890.3,2026-10-06 11:17:26,13.5
102903,UA-003,Tupak,0.3468694,-78.0719001,2570.3,2026-10-06 11:17:26,14.1
102901,UA-001,Sapi,0.2153249,-78.0651814,2967.3,2026-10-06 11:17:36,12.7
102902,UA-002,Hari Sinchi,0.3192069,-77.9719826,2891.1,2026-10-06 11:17:36,13.4
102903,UA-003,Tupak,0.3468716,-78.0719065,2573.1,2026-10-06 11:17:36,14.5
102901,UA-001,Sapi,0.2153453,-78.0651728,2970.3,2026-10-06 11:17:46,12.7
102902,UA-002,Hari Sinchi,0.3191885,-77.9719739,2893.2,2026-10-06 11:17:46,12.8
102903,UA-003,Tupak,0.346884,-78.0719272,2569.6,2026-10-06 11:17:46,14.0
102901,UA-001,Sapi,0.215358,-78.0651679,2971.4,2026-10-06 11:17:56,13.0
102902,UA-002,Hari Sinchi,0.319177,-77.9719756,2887.5,2026-10-06 11:17:56,12.4
102903,UA-003,Tupak,0.3468812,-78.071948,2569.3,2026-10-06 11:17:56,14.1
102901,UA-001,Sapi,0.2157375,-78.0648132,2988.5,2026-10-06 11:18:06,12.1
102902,UA-002,Hari Sinchi,0.3191689,-77.9719678,2886.1,2026-10-06 11:18:06,11.8
102903,UA-003,Tupak,0.3468826,-78.0719546,2573.3,2026-10-06 11:18:06,15.6
102901,UA-001,Sapi,0.2157289,-78.0642802,3023.2,2026-10-06 11:18:16,12.0
102902,UA-002,Hari Sinchi,0.3191576,-77.9719583,2887.1,2026-10-06 11:18:16,13.3
102903,UA-003,Tupak,0.3468844,-78.0719694,2576.8,2026-10-06 11:18:16,13.9
102901,UA-001,Sapi,0.2157909,-78.0641687,3065.8,2026-10-06 11:18:26,12.9
102902,UA-002,Hari Sinchi,0.3191459,-77.9719495,2887.0,2026-10-06 11:18:26,13.4
102903,UA-003,Tupak,0.3468979,-78.0719848,2575.2,2026-10-06 11:18:26,15.0
102901,UA-001,Sapi,0.2159947,-78.0640334,3112.7,2026-10-06 11:18:36,12.1
102902,UA-002,Hari Sinchi,0.3191456,-77.9719494,2892.3,2026-10-06 11:18:36,13.0
102903,UA-003,Tupak,0.3468984,-78.0719862,2576.5,2026-10-06 11:18:36,15.2
102901,UA-001,Sapi,0.2159947,-78.0640334,3148.6,2026-10-06 11:18:46,11.7
102902,UA-002,Hari Sinchi,0.319131,-77.9719494,2891.5,2026-10-06 11:18:46,12.6
102903,UA-003,Tupak,0.3469078,-78.0719998,2572.9,2026-10-06 11:18:46,15.1
102901,UA-001,Sapi,0.2160887,-78.0635489,3183.9,2026-10-06 11:18:56,12.3
102902,UA-002,Hari Sinchi,0.31913,-77.9719502,2890.8,2026-10-06 11:18:56,12.5
102903,UA-003,Tupak,0.3469269,-78.0720092,2565.7,2026-10-06 11:18:56,14.2
102901,UA-001,Sapi,0.2163791,-78.0632988,3200.6,2026-10-06 11:19:06,11.2
102902,UA-002,Hari Sinchi,0.319115,-77.9719584,2891.5,2026-10-06 11:19:06,13.9
102903,UA-003,Tupak,0.3469412,-78.0720159,2565.1,2026-10-06 11:19:06,14.9
102901,UA-001,Sapi,0.2165811,-78.0631828,3208.2,2026-10-06 11:19:16,11.9
102902,UA-002,Hari Sinchi,0.3191125,-77.9719603,2895.0,2026-10-06 11:19:16,12.1
102903,UA-003,Tupak,0.3469453,-78.0720218,2571.4,2026-10-06 11:19:16,14.3
102901,UA-001,Sapi,0.2168468,-78.0633601,3221.9,2026-10-06 11:19:26,10.9
102902,UA-002,Hari Sinchi,0.3191046,-77.9719752,2895.9,2026-10-06 11:19:26,13.3
102903,UA-003,Tupak,0.3469602,-78.0720369,2570.1,2026-10-06 11:19:26,15.7
102901,UA-001,Sapi,0.2170061,-78.0633127,3224.0,2026-10-06 11:19:36,10.9
102902,UA-002,Hari Sinchi,0.3190952,-77.9719806,2891.4,2026-10-06 11:19:36,12.7
102903,UA-003,Tupak,0.3470613,-78.07228,2574.8,2026-10-06 11:19:36,15.1
102901,UA-001,Sapi,0.2171043,-78.0632441,3220.0,2026-10-06 11:19:46,11.2
102902,UA-002,Hari Sinchi,0.3190867,-77.9719844,2896.1,2026-10-06 11:19:46,11.9
102903,UA-003,Tupak,0.3470614,-78.0725484,2581.2,2026-10-06 11:19:46,14.6
102901,UA-001,Sapi,0.2173098,-78.0630926,3209.7,2026-10-06 11:19:56,11.3
102902,UA-002,Hari Sinchi,0.3190743,-77.9719907,2891.5,2026-10-06 11:19:56,12.7
102903,UA-003,Tupak,0.3471443,-78.0727846,2591.9,2026-10-06 11:19:56,14.8
102901,UA-001,Sapi,0.2174156,-78.0627726,3196.0,2026-10-06 11:20:06,10.3
102902,UA-002,Hari Sinchi,0.3190579,-77.971995,2896.1,2026-10-06 11:20:06,12.9
102903,UA-003,Tupak,0.3470764,-78.073016,2602.6,2026-10-06 11:20:06,15.0
102901,UA-001,Sapi,0.2175243,-78.0623813,3193.7,2026-10-06 11:20:16,11.7
102902,UA-002,Hari Sinchi,0.319056,-77.9719957,2895.9,2026-10-06 11:20:16,13.0
102903,UA-003,Tupak,0.3473539,-78.0733507,2611.3,2026-10-06 11:20:16,15.6
102901,UA-001,Sapi,0.2176982,-78.0621829,3207.0,2026-10-06 11:20:26,10.9
102902,UA-002,Hari Sinchi,0.3190384,-77.9719877,2897.1,2026-10-06 11:20:26,13.0
102903,UA-003,Tupak,0.3476962,-78.073523,2621.5,2026-10-06 11:20:26,15.4
102901,UA-001,Sapi,0.2178412,-78.0621196,3224.0,2026-10-06 11:20:36,10.8
102902,UA-002,Hari Sinchi,0.3190344,-77.9719863,2896.9,2026-10-06 11:20:36,11.7
102903,UA-003,Tupak,0.3480696,-78.0735668,2624.1,2026-10-06 11:20:36,15.2
102901,UA-001,Sapi,0.2182913,-78.0617846,3245.8,2026-10-06 11:20:46,11.3
102902,UA-002,Hari Sinchi,0.3190341,-77.9719862,2894.8,2026-10-06 11:20:46,13.1
102903,UA-003,Tupak,0.3484247,-78.0735299,2619.0,2026-10-06 11:20:46,15.1
102901,UA-001,Sapi,0.2187682,-78.0615907,3252.3,2026-10-06 11:20:56,11.7
102902,UA-002,Hari Sinchi,0.3187849,-77.9719181,2897.6,2026-10-06 11:20:56,12.9
102903,UA-003,Tupak,0.3487615,-78.07381,2629.7,2026-10-06 11:20:56,14.2
102901,UA-001,Sapi,0.2190607,-78.0616754,3246.4,2026-10-06 11:21:06,10.5
102902,UA-002,Hari Sinchi,0.3184839,-77.971658,2906.8,2026-10-06 11:21:06,11.9
102903,UA-003,Tupak,0.3488845,-78.0740085,2646.2,2026-10-06 11:21:06,14.5
102901,UA-001,Sapi,0.2193798,-78.0617334,3227.3,2026-10-06 11:21:16,10.9
102902,UA-002,Hari Sinchi,0.3183488,-77.9714828,2917.5,2026-10-06 11:21:16,12.6
102903,UA-003,Tupak,0.3489537,-78.0741075,2664.2,2026-10-06 11:21:16,14.8
102901,UA-001,Sapi,0.21955,-78.0616062,3201.1,2026-10-06 11:21:26,11.1
102902,UA-002,Hari Sinchi,0.3182461,-77.9711804,2924.1,2026-10-06 11:21:26,11.9
102903,UA-003,Tupak,0.3490025,-78.0741703,2672.4,2026-10-06 11:21:26,14.8
102901,UA-001,Sapi,0.2195652,-78.0615569,3173.5,2026-10-06 11:21:36,12.1
102902,UA-002,Hari Sinchi,0.3182499,-77.9709684,2931.6,2026-10-06 11:21:36,13.2
102903,UA-003,Tupak,0.3490728,-78.0743762,2694.2,2026-10-06 11:21:36,13.8
102901,UA-001,Sapi,0.2196965,-78.0613948,3150.0,2026-10-06 11:21:46,12.4
102902,UA-002,Hari Sinchi,0.3184322,-77.9706363,2956.5,2026-10-06 11:21:46,12.4
102903,UA-003,Tupak,0.3492224,-78.0745945,2714.7,2026-10-06 11:21:46,14.2
102901,UA-001,Sapi,0.2198452,-78.0611865,3124.2,2026-10-06 11:21:56,12.2
102902,UA-002,Hari Sinchi,0.318441,-77.9706266,2982.3,2026-10-06 11:21:56,13.3
102903,UA-003,Tupak,0.3490355,-78.0749346,2741.3,2026-10-06 11:21:56,13.7
102901,UA-001,Sapi,0.2203996,-78.0608422,3151.4,2026-10-06 11:22:06,10.9
102902,UA-002,Hari Sinchi,0.3184539,-77.970621,2994.0,2026-10-06 11:22:06,11.9
102903,UA-003,Tupak,0.3489044,-78.0753875,2758.4,2026-10-06 11:22:06,13.8
102901,UA-001,Sapi,0.2204258,-78.060727,3186.9,2026-10-06 11:22:16,11.6
102902,UA-002,Hari Sinchi,0.3184745,-77.9706098,3006.0,2026-10-06 11:22:16,13.1
102903,UA-003,Tupak,0.3488246,-78.0756198,2764.2,2026-10-06 11:22:16,13.6
102901,UA-001,Sapi,0.2205925,-78.0604378,3235.8,2026-10-06 11:22:26,11.2
102902,UA-002,Hari Sinchi,0.3184774,-77.9706086,3023.6,2026-10-06 11:22:26,12.2
102903,UA-003,Tupak,0.3487485,-78.0757749,2760.3,2026-10-06 11:22:26,13.9
102901,UA-001,Sapi,0.2206626,-78.0601551,3289.0,2026-10-06 11:22:36,10.8
102902,UA-002,Hari Sinchi,0.3184905,-77.9706004,3034.2,2026-10-06 11:22:36,12.6
102903,UA-003,Tupak,0.348592,-78.0762273,2732.8,2026-10-06 11:22:36,14.3
102901,UA-001,Sapi,0.2206317,-78.0598966,3333.0,2026-10-06 11:22:46,10.3
102902,UA-002,Hari Sinchi,0.3185153,-77.9705905,3040.6,2026-10-06 11:22:46,11.8
102903,UA-003,Tupak,0.3485094,-78.0763704,2708.4,2026-10-06 11:22:46,14.3
102901,UA-001,Sapi,0.2205342,-78.0596869,3360.2,2026-10-06 11:22:56,10.6
102902,UA-002,Hari Sinchi,0.3185238,-77.9705845,3049.1,2026-10-06 11:22:56,11.4
102903,UA-003,Tupak,0.3484113,-78.0765252,2693.9,2026-10-06 11:22:56,13.2
102901,UA-001,Sapi,0.220386,-78.0594402,3369.7,2026-10-06 11:23:06,9.8
102902,UA-002,Hari Sinchi,0.3185258,-77.970582,3054.0,2026-10-06 11:23:06,12.5
102903,UA-003,Tupak,0.3482965,-78.0766528,2683.8,2026-10-06 11:23:06,13.6
102901,UA-001,Sapi,0.2201518,-78.0592564,3364.9,2026-10-06 11:23:16,10.9
102902,UA-002,Hari Sinchi,0.3185236,-77.9705719,3053.5,2026-10-06 11:23:16,11.7
102903,UA-003,Tupak,0.348136,-78.0769011,2701.6,2026-10-06 11:23:16,13.8
102901,UA-001,Sapi,0.2197946,-78.0591286,3347.9,2026-10-06 11:23:26,10.3
102902,UA-002,Hari Sinchi,0.3185214,-77.9705673,3052.3,2026-10-06 11:23:26,11.4
102903,UA-003,Tupak,0.3479168,-78.0770829,2743.8,2026-10-06 11:23:26,13.8
102901,UA-001,Sapi,0.2194479,-78.0591262,3310.2,2026-10-06 11:23:36,11.0
102902,UA-002,Hari Sinchi,0.3185119,-77.9705538,3059.7,2026-10-06 11:23:36,12.2
102903,UA-003,Tupak,0.347915,-78.0770881,2767.4,2026-10-06 11:23:36,13.5
102901,UA-001,Sapi,0.2190834,-78.0588465,3270.7,2026-10-06 11:23:46,11.5
102902,UA-002,Hari Sinchi,0.3185086,-77.9705522,3062.7,2026-10-06 11:23:46,12.0
102903,UA-003,Tupak,0.3479113,-78.0770931,2778.6,2026-10-06 11:23:46,13.9
102901,UA-001,Sapi,0.2188217,-78.0585403,3239.7,2026-10-06 11:23:56,11.3
102902,UA-002,Hari Sinchi,0.3182334,-77.9705808,3036.7,2026-10-06 11:23:56,12.0
102903,UA-003,Tupak,0.3479086,-78.077109,2796.8,2026-10-06 11:23:56,13.9
102901,UA-001,Sapi,0.2186733,-78.0584861,3219.7,2026-10-06 11:24:06,12.0
102902,UA-002,Hari Sinchi,0.3181306,-77.970363,3029.6,2026-10-06 11:24:06,11.3
102903,UA-003,Tupak,0.3479079,-78.0771137,2807.9,2026-10-06 11:24:06,12.6
102901,UA-001,Sapi,0.2186093,-78.0584383,3207.4,2026-10-06 11:24:16,11.9
102902,UA-002,Hari Sinchi,0.3179436,-77.9701264,3012.2,2026-10-06 11:24:16,12.5
102903,UA-003,Tupak,0.3479098,-78.077115,2815.1,2026-10-06 11:24:16,13.2
102901,UA-001,Sapi,0.2184427,-78.0582589,3202.4,2026-10-06 11:24:26,12.0
102902,UA-002,Hari Sinchi,0.3178469,-77.9700525,2993.3,2026-10-06 11:24:26,11.7
102903,UA-003,Tupak,0.3479168,-78.0771212,2818.6,2026-10-06 11:24:26,13.0
102901,UA-001,Sapi,0.218321,-78.058004,3206.7,2026-10-06 11:24:36,10.9
102902,UA-002,Hari Sinchi,0.3175796,-77.9698993,2967.6,2026-10-06 11:24:36,13.2
102903,UA-003,Tupak,0.347928,-78.0771304,2823.2,2026-10-06 11:24:36,12.9
102901,UA-001,Sapi,0.2183103,-78.0577934,3222.4,2026-10-06 11:24:46,11.4
102902,UA-002,Hari Sinchi,0.3173946,-77.9699823,2933.9,2026-10-06 11:24:46,11.9
102903,UA-003,Tupak,0.347935,-78.0771304,2828.9,2026-10-06 11:24:46,13.4
102901,UA-001,Sapi,0.2180874,-78.0573386,3253.9,2026-10-06 11:24:56,11.5
102902,UA-002,Hari Sinchi,0.3171583,-77.9701151,2898.5,2026-10-06 11:24:56,11.6
102903,UA-003,Tupak,0.347948,-78.0771231,2829.0,2026-10-06 11:24:56,13.9
102901,UA-001,Sapi,0.2179492,-78.0571388,3281.5,2026-10-06 11:25:06,10.3
102902,UA-002,Hari Sinchi,0.3169552,-77.9703452,2875.0,2026-10-06 11:25:06,13.1
102903,UA-003,Tupak,0.3479542,-78.0771227,2822.5,2026-10-06 11:25:06,13.1
102901,UA-001,Sapi,0.218179,-78.0567103,3301.7,2026-10-06 11:25:16,10.3
102902,UA-002,Hari Sinchi,0.3166418,-77.9703123,2859.2,2026-10-06 11:25:16,13.2
102903,UA-003,Tupak,0.3479778,-78.0771279,2824.2,2026-10-06 11:25:16,14.1
102901,UA-001,Sapi,0.2185631,-78.0565922,3285.2,2026-10-06 11:25:26,11.0
102902,UA-002,Hari Sinchi,0.3162828,-77.9700928,2840.9,2026-10-06 11:25:26,14.2
102903,UA-003,Tupak,0.3479786,-78.0771276,2827.3,2026-10-06 11:25:26,13.7
102901,UA-001,Sapi,0.2186951,-78.0564739,3266.1,2026-10-06 11:25:36,12.5
102902,UA-002,Hari Sinchi,0.3160874,-77.9698339,2829.5,2026-10-06 11:25:36,13.9
102903,UA-003,Tupak,0.347984,-78.077123,2823.0,2026-10-06 11:25:36,12.7
102901,UA-001,Sapi,0.2190519,-78.0563851,3231.1,2026-10-06 11:25:46,11.4
102902,UA-002,Hari Sinchi,0.3160202,-77.9696426,2806.0,2026-10-06 11:25:46,13.5
102903,UA-003,Tupak,0.3480008,-78.0771152,2814.7,2026-10-06 11:25:46,13.9
102901,UA-001,Sapi,0.219215,-78.0563956,3210.6,2026-10-06 11:25:56,10.8
102902,UA-002,Hari Sinchi,0.315861,-77.9697089,2808.4,2026-10-06 11:25:56,13.3
102903,UA-003,Tupak,0.3480115,-78.077099,2812.0,2026-10-06 11:25:56,13.0
102901,UA-001,Sapi,0.2194122,-78.0563685,3187.5,2026-10-06 11:26:06,10.9
102902,UA-002,Hari Sinchi,0.3158505,-77.9697281,2812.2,2026-10-06 11:26:06,12.4
102903,UA-003,Tupak,0.3480175,-78.0770914,2802.2,2026-10-06 11:26:06,14.0
102901,UA-001,Sapi,0.2197883,-78.0563322,3178.1,2026-10-06 11:26:16,10.9
102902,UA-002,Hari Sinchi,0.3158512,-77.9697335,2812.5,2026-10-06 11:26:16,14.3
102903,UA-003,Tupak,0.348027,-78.0770898,2799.3,2026-10-06 11:26:16,13.1
102901,UA-001,Sapi,0.2201643,-78.0561709,3179.7,2026-10-06 11:26:26,11.3
102902,UA-002,Hari Sinchi,0.3158498,-77.9697371,2819.7,2026-10-06 11:26:26,13.9
102903,UA-003,Tupak,0.3480411,-78.077096,2798.8,2026-10-06 11:26:26,14.0
102901,UA-001,Sapi,0.2204934,-78.056184,3186.1,2026-10-06 11:26:36,11.3
102902,UA-002,Hari Sinchi,0.3158449,-77.9697538,2824.4,2026-10-06 11:26:36,12.2
102903,UA-003,Tupak,0.3480569,-78.0770963,2799.6,2026-10-06 11:26:36,13.7
102901,UA-001,Sapi,0.221001,-78.0562718,3189.7,2026-10-06 11:26:46,11.4
102902,UA-002,Hari Sinchi,0.3158346,-77.9697696,2826.7,2026-10-06 11:26:46,13.8
102903,UA-003,Tupak,0.3480805,-78.0770985,2794.8,2026-10-06 11:26:46,13.6
102901,UA-001,Sapi,0.2213203,-78.056264,3192.5,2026-10-06 11:26:56,12.3
102902,UA-002,Hari Sinchi,0.3158206,-77.9697803,2827.1,2026-10-06 11:26:56,12.9
102903,UA-003,Tupak,0.3480954,-78.0771064,2795.2,2026-10-06 11:26:56,14.6
102901,UA-001,Sapi,0.2214109,-78.0563715,3199.1,2026-10-06 11:27:06,11.0
102902,UA-002,Hari Sinchi,0.3157972,-77.9697817,2829.0,2026-10-06 11:27:06,13.0
102903,UA-003,Tupak,0.3480972,-78.0771209,2789.5,2026-10-06 11:27:06,13.7
102901,UA-001,Sapi,0.2214167,-78.0563909,3199.8,2026-10-06 11:27:16,11.4
102902,UA-002,Hari Sinchi,0.3157759,-77.9697938,2831.6,2026-10-06 11:27:16,13.1
102903,UA-003,Tupak,0.3480979,-78.0771232,2791.3,2026-10-06 11:27:16,12.6
102901,UA-001,Sapi,0.2214196,-78.0564047,3203.1,2026-10-06 11:27:26,10.3
102902,UA-002,Hari Sinchi,0.3157733,-77.9698011,2835.0,2026-10-06 11:27:26,13.9
102903,UA-003,Tupak,0.3480995,-78.0771311,2790.6,2026-10-06 11:27:26,14.6
102901,UA-001,Sapi,0.2214196,-78.0564208,3202.3,2026-10-06 11:27:36,12.1
102902,UA-002,Hari Sinchi,0.315762,-77.9698042,2839.3,2026-10-06 11:27:36,12.6
102903,UA-003,Tupak,0.3480994,-78.0771485,2788.6,2026-10-06 11:27:36,13.2
102901,UA-001,Sapi,0.2214148,-78.0564338,3207.1,2026-10-06 11:27:46,11.9
102902,UA-002,Hari Sinchi,0.3157444,-77.9698105,2847.9,2026-10-06 11:27:46,12.7
102903,UA-003,Tupak,0.3480112,-78.0774295,2813.6,2026-10-06 11:27:46,15.1
102901,UA-001,Sapi,0.2214068,-78.0564431,3208.4,2026-10-06 11:27:56,11.6
102902,UA-002,Hari Sinchi,0.3157365,-77.9698069,2856.4,2026-10-06 11:27:56,13.9
102903,UA-003,Tupak,0.3477669,-78.0776955,2860.8,2026-10-06 11:27:56,13.2
102901,UA-001,Sapi,0.2214066,-78.0564434,3211.1,2026-10-06 11:28:06,11.3
102902,UA-002,Hari Sinchi,0.3157153,-77.9698079,2857.2,2026-10-06 11:28:06,14.5
102903,UA-003,Tupak,0.3475625,-78.077893,2898.1,2026-10-06 11:28:06,14.0
102901,UA-001,Sapi,0.2213928,-78.0564484,3215.2,2026-10-06 11:28:16,11.7
102902,UA-002,Hari Sinchi,0.3157086,-77.9698085,2858.5,2026-10-06 11:28:16,13.8
102903,UA-003,Tupak,0.3472962,-78.0779879,2920.8,2026-10-06 11:28:16,13.3
102901,UA-001,Sapi,0.2213743,-78.0564554,3219.5,2026-10-06 11:28:26,11.8
102902,UA-002,Hari Sinchi,0.3157058,-77.9698133,2864.4,2026-10-06 11:28:26,13.4
102903,UA-003,Tupak,0.3470243,-78.0780753,2916.4,2026-10-06 11:28:26,12.9
102901,UA-001,Sapi,0.2213662,-78.0564552,3218.2,2026-10-06 11:28:36,11.4
102902,UA-002,Hari Sinchi,0.3156917,-77.9698244,2864.7,2026-10-06 11:28:36,12.4
102903,UA-003,Tupak,0.3467745,-78.0782804,2884.8,2026-10-06 11:28:36,12.2
102901,UA-001,Sapi,0.2213622,-78.0564401,3215.8,2026-10-06 11:28:46,11.8
102902,UA-002,Hari Sinchi,0.3156882,-77.9698267,2863.3,2026-10-06 11:28:46,13.2
102903,UA-003,Tupak,0.3464649,-78.0782246,2843.5,2026-10-06 11:28:46,13.0
102901,UA-001,Sapi,0.2213618,-78.056436,3214.3,2026-10-06 11:28:56,10.6
102902,UA-002,Hari Sinchi,0.3156793,-77.9698364,2869.1,2026-10-06 11:28:56,13.5
102903,UA-003,Tupak,0.3462467,-78.07818,2801.1,2026-10-06 11:28:56,13.3
102901,UA-001,Sapi,0.2213646,-78.0564298,3219.0,2026-10-06 11:29:06,10.6
102902,UA-002,Hari Sinchi,0.3155806,-77.9699793,2878.4,2026-10-06 11:29:06,13.5
102903,UA-003,Tupak,0.3461861,-78.0781526,2763.9,2026-10-06 11:29:06,13.7
102901,UA-001,Sapi,0.2213641,-78.0564255,3217.0,2026-10-06 11:29:16,11.2
102902,UA-002,Hari Sinchi,0.3154669,-77.9701084,2895.0,2026-10-06 11:29:16,12.8
102903,UA-003,Tupak,0.3461308,-78.0781521,2742.0,2026-10-06 11:29:16,14.5
102901,UA-001,Sapi,0.2213645,-78.0563995,3216.3,2026-10-06 11:29:26,11.7
102902,UA-002,Hari Sinchi,0.3153259,-77.9703974,2917.8,2026-10-06 11:29:26,13.0
102903,UA-003,Tupak,0.3457108,-78.07795,2708.0,2026-10-06 11:29:26,13.6
102901,UA-001,Sapi,0.2213656,-78.0563948,3215.1,2026-10-06 11:29:36,12.7
102902,UA-002,Hari Sinchi,0.315317,-77.9707416,2933.7,2026-10-06 11:29:36,12.4
102903,UA-003,Tupak,0.3455498,-78.0778376,2673.8,2026-10-06 11:29:36,13.1
102901,UA-001,Sapi,0.221371,-78.0563779,3218.6,2026-10-06 11:29:46,10.8
102902,UA-002,Hari Sinchi,0.3153934,-77.9709669,2939.9,2026-10-06 11:29:46,13.0
102903,UA-003,Tupak,0.3452579,-78.0776916,2627.8,2026-10-06 11:29:46,14.9
102901,UA-001,Sapi,0.2213786,-78.0563597,3214.1,2026-10-06 11:29:56,10.4
102902,UA-002,Hari Sinchi,0.3155113,-77.9714148,2942.1,2026-10-06 11:29:56,12.4
102903,UA-003,Tupak,0.345022,-78.0772658,2588.3,2026-10-06 11:29:56,14.1
102901,UA-001,Sapi,0.2213801,-78.0563391,3207.3,2026-10-06 11:30:06,10.6
102902,UA-002,Hari Sinchi,0.3155476,-77.9716738,2938.2,2026-10-06 11:30:06,13.2
102903,UA-003,Tupak,0.3448283,-78.0771435,2548.4,2026-10-06 11:30:06,15.1
102901,UA-001,Sapi,0.2213558,-78.0563386,3203.7,2026-10-06 11:30:16,11.0
102902,UA-002,Hari Sinchi,0.3155302,-77.9718802,2928.2,2026-10-06 11:30:16,12.9
102903,UA-003,Tupak,0.3443646,-78.0772323,2517.3,2026-10-06 11:30:16,15.2
102901,UA-001,Sapi,0.2213322,-78.056328,3205.2,2026-10-06 11:30:26,10.0
102902,UA-002,Hari Sinchi,0.3154794,-77.9722586,2922.5,2026-10-06 11:30:26,12.3
102903,UA-003,Tupak,0.3440375,-78.0771457,2503.4,2026-10-06 11:30:26,15.2
102901,UA-001,Sapi,0.2213187,-78.0563104,3203.2,2026-10-06 11:30:36,10.7
102902,UA-002,Hari Sinchi,0.315512,-77.9725005,2924.8,2026-10-06 11:30:36,13.2
102903,UA-003,Tupak,0.3434804,-78.0769943,2519.6,2026-10-06 11:30:36,14.1
102901,UA-001,Sapi,0.221314,-78.056307,3206.0,2026-10-06 11:30:46,10.9
102902,UA-002,Hari Sinchi,0.3155136,-77.9725463,2925.8,2026-10-06 11:30:46,13.4
102903,UA-003,Tupak,0.3431925,-78.0769416,2547.9,2026-10-06 11:30:46,15.0
102901,UA-001,Sapi,0.2213024,-78.0562894,3203.9,2026-10-06 11:30:56,12.1
102902,UA-002,Hari Sinchi,0.3153847,-77.9727275,2940.4,2026-10-06 11:30:56,12.7
102903,UA-003,Tupak,0.3431252,-78.0769597,2569.1,2026-10-06 11:30:56,14.9
102901,UA-001,Sapi,0.2212991,-78.0562815,3201.0,2026-10-06 11:31:06,11.9
102902,UA-002,Hari Sinchi,0.3149824,-77.9728547,2974.1,2026-10-06 11:31:06,12.7
102903,UA-003,Tupak,0.3428742,-78.0770468,2601.7,2026-10-06 11:31:06,14.4
102901,UA-001,Sapi,0.2212964,-78.0562785,3204.4,2026-10-06 11:31:16,10.7
102902,UA-002,Hari Sinchi,0.3148634,-77.9729555,3003.0,2026-10-06 11:31:16,12.5
102903,UA-003,Tupak,0.3427627,-78.0770633,2639.0,2026-10-06 11:31:16,14.4
102901,UA-001,Sapi,0.2212735,-78.0562645,3201.5,2026-10-06 11:31:26,12.2
102902,UA-002,Hari Sinchi,0.3147304,-77.9730037,3027.2,2026-10-06 11:31:26,11.4
102903,UA-003,Tupak,0.3425044,-78.0770318,2672.2,2026-10-06 11:31:26,15.3
102901,UA-001,Sapi,0.2210515,-78.0559671,3200.5,2026-10-06 11:31:36,11.0
102902,UA-002,Hari Sinchi,0.3146821,-77.9729991,3046.8,2026-10-06 11:31:36,12.8
102903,UA-003,Tupak,0.3421978,-78.0770512,2706.9,2026-10-06 11:31:36,15.0
102901,UA-001,Sapi,0.2210952,-78.0555122,3175.1,2026-10-06 11:31:46,11.3
102902,UA-002,Hari Sinchi,0.3144682,-77.9728406,3053.3,2026-10-06 11:31:46,13.2
102903,UA-003,Tupak,0.3420884,-78.0770823,2728.0,2026-10-06 11:31:46,14.9
102901,UA-001,Sapi,0.2209471,-78.0553094,3153.3,2026-10-06 11:31:56,12.1
102902,UA-002,Hari Sinchi,0.314255,-77.9726116,3055.1,2026-10-06 11:31:56,12.6
102903,UA-003,Tupak,0.3420697,-78.0770821,2751.0,2026-10-06 11:31:56,13.9
102901,UA-001,Sapi,0.2206205,-78.0550519,3158.6,2026-10-06 11:32:06,11.9
102902,UA-002,Hari Sinchi,0.3142621,-77.9725634,3047.4,2026-10-06 11:32:06,12.7
102903,UA-003,Tupak,0.3419248,-78.0770675,2766.1,2026-10-06 11:32:06,14.0
102901,UA-001,Sapi,0.2204983,-78.0550072,3175.2,2026-10-06 11:32:16,11.6
102902,UA-002,Hari Sinchi,0.3142813,-77.9724581,3044.7,2026-10-06 11:32:16,12.3
102903,UA-003,Tupak,0.3419415,-78.0768888,2783.8,2026-10-06 11:32:16,14.3
102901,UA-001,Sapi,0.2202875,-78.0547821,3198.4,2026-10-06 11:32:26,10.4
102902,UA-002,Hari Sinchi,0.3143024,-77.9720589,3012.9,2026-10-06 11:32:26,12.7
102903,UA-003,Tupak,0.3417991,-78.0766302,2799.1,2026-10-06 11:32:26,13.0
102901,UA-001,Sapi,0.2202121,-78.0546275,3203.8,2026-10-06 11:32:36,10.3
102902,UA-002,Hari Sinchi,0.3143325,-77.9718097,2977.0,2026-10-06 11:32:36,11.8
102903,UA-003,Tupak,0.3417185,-78.0763054,2814.0,2026-10-06 11:32:36,13.4
102901,UA-001,Sapi,0.2202116,-78.0545623,3207.7,2026-10-06 11:32:46,11.5
102902,UA-002,Hari Sinchi,0.3144197,-77.971481,2938.1,2026-10-06 11:32:46,11.8
102903,UA-003,Tupak,0.3415571,-78.0759926,2829.4,2026-10-06 11:32:46,13.8
102901,UA-001,Sapi,0.2201572,-78.0541477,3195.2,2026-10-06 11:32:56,11.0
102902,UA-002,Hari Sinchi,0.3144075,-77.9711721,2916.9,2026-10-06 11:32:56,12.7
102903,UA-003,Tupak,0.3414079,-78.0758796,2835.4,2026-10-06 11:32:56,14.0
102901,UA-001,Sapi,0.2201138,-78.0537854,3173.8,2026-10-06 11:33:06,10.3
102902,UA-002,Hari Sinchi,0.3144194,-77.9710368,2905.3,2026-10-06 11:33:06,12.9
102903,UA-003,Tupak,0.3413994,-78.07587,2844.5,2026-10-06 11:33:06,12.7
102901,UA-001,Sapi,0.220214,-78.0533013,3141.4,2026-10-06 11:33:16,10.9
102902,UA-002,Hari Sinchi,0.3145584,-77.9708413,2910.2,2026-10-06 11:33:16,12.2
102903,UA-003,Tupak,0.3413911,-78.0758535,2852.9,2026-10-06 11:33:16,13.2
102901,UA-001,Sapi,0.2200489,-78.0530011,3124.5,2026-10-06 11:33:26,10.7
102902,UA-002,Hari Sinchi,0.3147217,-77.9704044,2924.4,2026-10-06 11:33:26,13.2
102903,UA-003,Tupak,0.3413867,-78.075835,2854.6,2026-10-06 11:33:26,13.6
102901,UA-001,Sapi,0.2198589,-78.0526681,3115.4,2026-10-06 11:33:36,11.5
102902,UA-002,Hari Sinchi,0.3148601,-77.9701262,2939.8,2026-10-06 11:33:36,11.7
102903,UA-003,Tupak,0.3413928,-78.075812,2855.0,2026-10-06 11:33:36,13.4
102901,UA-001,Sapi,0.2199842,-78.0524673,3112.1,2026-10-06 11:33:46,11.6
102902,UA-002,Hari Sinchi,0.3149358,-77.9698554,2957.2,2026-10-06 11:33:46,13.0
102903,UA-003,Tupak,0.3414034,-78.0758003,2852.0,2026-10-06 11:33:46,13.7
102901,UA-001,Sapi,0.219933,-78.0520871,3123.6,2026-10-06 11:33:56,12.3
102902,UA-002,Hari Sinchi,0.3148785,-77.9694125,2962.5,2026-10-06 11:33:56,13.0
102903,UA-003,Tupak,0.3414033,-78.075797,2854.6,2026-10-06 11:33:56,13.5
102901,UA-001,Sapi,0.219927,-78.0520794,3133.7,2026-10-06 11:34:06,11.6
102902,UA-002,Hari Sinchi,0.3147993,-77.9692634,2976.2,2026-10-06 11:34:06,12.3
102903,UA-003,Tupak,0.3413897,-78.0757902,2853.2,2026-10-06 11:34:06,13.7
102901,UA-001,Sapi,0.219919,-78.0520574,3146.0,2026-10-06 11:34:16,11.5
102902,UA-002,Hari Sinchi,0.3144651,-77.9691121,3004.6,2026-10-06 11:34:16,13.8
102903,UA-003,Tupak,0.3413853,-78.0757869,2851.4,2026-10-06 11:34:16,13.2
102901,UA-001,Sapi,0.2199191,-78.052045,3148.0,2026-10-06 11:34:26,12.6
102902,UA-002,Hari Sinchi,0.3141417,-77.9691273,3038.1,2026-10-06 11:34:26,12.7
102903,UA-003,Tupak,0.3413737,-78.0757757,2851.9,2026-10-06 11:34:26,12.9
102901,UA-001,Sapi,0.219906,-78.0520347,3149.9,2026-10-06 11:34:36,11.7
102902,UA-002,Hari Sinchi,0.3139344,-77.9688629,3072.4,2026-10-06 11:34:36,11.5
102903,UA-003,Tupak,0.3413657,-78.075776,2853.1,2026-10-06 11:34:36,12.7
102901,UA-001,Sapi,0.2198994,-78.0520256,3157.2,2026-10-06 11:34:46,12.0
102902,UA-002,Hari Sinchi,0.3138277,-77.9687051,3095.8,2026-10-06 11:34:46,11.4
102903,UA-003,Tupak,0.3413408,-78.0757721,2855.6,2026-10-06 11:34:46,13.3
102901,UA-001,Sapi,0.2198924,-78.0520186,3158.9,2026-10-06 11:34:56,11.0
102902,UA-002,Hari Sinchi,0.313793,-77.9683222,3108.6,2026-10-06 11:34:56,12.7
102903,UA-003,Tupak,0.3413307,-78.0757623,2853.8,2026-10-06 11:34:56,13.2
102901,UA-001,Sapi,0.21989,-78.0520168,3155.0,2026-10-06 11:35:06,11.5
102902,UA-002,Hari Sinchi,0.3140795,-77.9682242,3087.7,2026-10-06 11:35:06,11.3
102903,UA-003,Tupak,0.3413295,-78.0757538,2844.0,2026-10-06 11:35:06,13.1
102901,UA-001,Sapi,0.2198852,-78.0520086,3159.3,2026-10-06 11:35:16,11.9
102902,UA-002,Hari Sinchi,0.3143717,-77.9682114,3058.3,2026-10-06 11:35:16,12.9
102903,UA-003,Tupak,0.3413295,-78.0757538,2851.0,2026-10-06 11:35:16,13.9
102901,UA-001,Sapi,0.2198851,-78.0520054,3155.3,2026-10-06 11:35:26,11.3
102902,UA-002,Hari Sinchi,0.3146082,-77.9680055,3009.1,2026-10-06 11:35:26,12.4
102903,UA-003,Tupak,0.341322,-78.0757527,2852.4,2026-10-06 11:35:26,13.7
102901,UA-001,Sapi,0.2198841,-78.0519918,3157.7,2026-10-06 11:35:36,10.6
102902,UA-002,Hari Sinchi,0.3147509,-77.9678533,2967.7,2026-10-06 11:35:36,11.9
102903,UA-003,Tupak,0.3413142,-78.0757479,2849.7,2026-10-06 11:35:36,12.6
102901,UA-001,Sapi,0.2198745,-78.0519726,3156.6,2026-10-06 11:35:46,12.7
102902,UA-002,Hari Sinchi,0.3147871,-77.9677345,2943.6,2026-10-06 11:35:46,12.5
102903,UA-003,Tupak,0.3413018,-78.0757292,2849.1,2026-10-06 11:35:46,13.4
102901,UA-001,Sapi,0.2198681,-78.0519669,3157.9,2026-10-06 11:35:56,10.9
102902,UA-002,Hari Sinchi,0.3147347,-77.967641,2930.2,2026-10-06 11:35:56,13.7
102903,UA-003,Tupak,0.3412901,-78.0757054,2845.6,2026-10-06 11:35:56,12.9
102901,UA-001,Sapi,0.219853,-78.0519642,3160.8,2026-10-06 11:36:06,12.2
102902,UA-002,Hari Sinchi,0.3146507,-77.9675088,2917.3,2026-10-06 11:36:06,13.3
102903,UA-003,Tupak,0.341289,-78.0756991,2839.9,2026-10-06 11:36:06,12.8
102901,UA-001,Sapi,0.2198472,-78.0519639,3161.1,2026-10-06 11:36:16,11.3
102902,UA-002,Hari Sinchi,0.3145872,-77.9674295,2908.7,2026-10-06 11:36:16,13.9
102903,UA-003,Tupak,0.3412886,-78.075694,2847.1,2026-10-06 11:36:16,13.4
102901,UA-001,Sapi,0.2198331,-78.051963,3157.3,2026-10-06 11:36:26,11.8
102902,UA-002,Hari Sinchi,0.3144829,-77.9673276,2901.6,2026-10-06 11:36:26,13.8
102903,UA-003,Tupak,0.3412771,-78.0756785,2847.3,2026-10-06 11:36:26,13.2
102901,UA-001,Sapi,0.2198086,-78.0519685,3150.3,2026-10-06 11:36:36,11.5
102902,UA-002,Hari Sinchi,0.3140956,-77.967308,2899.4,2026-10-06 11:36:36,12.9
102903,UA-003,Tupak,0.3412768,-78.0756701,2849.5,2026-10-06 11:36:36,13.0
102901,UA-001,Sapi,0.2198037,-78.0519702,3151.2,2026-10-06 11:36:46,12.2
102902,UA-002,Hari Sinchi,0.3137588,-77.9672941,2907.9,2026-10-06 11:36:46,13.2
102903,UA-003,Tupak,0.3412744,-78.0756651,2847.3,2026-10-06 11:36:46,13.9
102901,UA-001,Sapi,0.2198003,-78.0519719,3146.6,2026-10-06 11:36:56,12.0
102902,UA-002,Hari Sinchi,0.3134064,-77.9673803,2937.9,2026-10-06 11:36:56,12.0
102903,UA-003,Tupak,0.3412737,-78.0756469,2847.4,2026-10-06 11:36:56,13.9
102901,UA-001,Sapi,0.219789,-78.0519742,3148.4,2026-10-06 11:37:06,11.9
102902,UA-002,Hari Sinchi,0.3132513,-77.9674768,2968.9,2026-10-06 11:37:06,12.2
102903,UA-003,Tupak,0.3411438,-78.0756171,2846.0,2026-10-06 11:37:06,13.6
102901,UA-001,Sapi,0.2196184,-78.0519417,3128.3,2026-10-06 11:37:16,11.2
102902,UA-002,Hari Sinchi,0.3129874,-77.9676942,3012.1,2026-10-06 11:37:16,12.5
102903,UA-003,Tupak,0.3408063,-78.0758379,2841.6,2026-10-06 11:37:16,14.0
102901,UA-001,Sapi,0.2192155,-78.0517731,3092.1,2026-10-06 11:37:26,12.6
102902,UA-002,Hari Sinchi,0.3128164,-77.9679687,3058.2,2026-10-06 11:37:26,11.7
102903,UA-003,Tupak,0.3403429,-78.0760345,2819.8,2026-10-06 11:37:26,14.2
102901,UA-001,Sapi,0.2191071,-78.0517907,3062.6,2026-10-06 11:37:36,12.5
102902,UA-002,Hari Sinchi,0.3127863,-77.9682556,3085.8,2026-10-06 11:37:36,12.1
102903,UA-003,Tupak,0.340051,-78.0760705,2784.1,2026-10-06 11:37:36,13.3
102901,UA-001,Sapi,0.2189496,-78.0518841,3041.1,2026-10-06 11:37:46,12.7
102902,UA-002,Hari Sinchi,0.3128942,-77.9685044,3106.6,2026-10-06 11:37:46,11.6
102903,UA-003,Tupak,0.3398134,-78.0760632,2750.7,2026-10-06 11:37:46,15.0
102901,UA-001,Sapi,0.2186562,-78.0519526,3023.3,2026-10-06 11:37:56,13.0
102902,UA-002,Hari Sinchi,0.3127424,-77.9688913,3109.3,2026-10-06 11:37:56,11.8
102903,UA-003,Tupak,0.3396832,-78.0760187,2724.0,2026-10-06 11:37:56,14.8
102901,UA-001,Sapi,0.2182799,-78.0521792,3044.7,2026-10-06 11:38:06,14.2
102902,UA-002,Hari Sinchi,0.3125966,-77.9690489,3097.1,2026-10-06 11:38:06,11.6
102903,UA-003,Tupak,0.3394224,-78.0759589,2698.2,2026-10-06 11:38:06,13.6
102901,UA-001,Sapi,0.2179595,-78.0522708,3087.5,2026-10-06 11:38:16,11.8
102902,UA-002,Hari Sinchi,0.3123954,-77.9694297,3078.4,2026-10-06 11:38:16,11.9
102903,UA-003,Tupak,0.3389395,-78.0758022,2675.4,2026-10-06 11:38:16,14.7
102901,UA-001,Sapi,0.217681,-78.0525326,3146.7,2026-10-06 11:38:26,12.0
102902,UA-002,Hari Sinchi,0.3124639,-77.9696098,3077.2,2026-10-06 11:38:26,12.5
102903,UA-003,Tupak,0.3386916,-78.0757516,2654.5,2026-10-06 11:38:26,14.8
102901,UA-001,Sapi,0.2175902,-78.0528438,3196.5,2026-10-06 11:38:36,11.0
102902,UA-002,Hari Sinchi,0.3126962,-77.9698167,3072.3,2026-10-06 11:38:36,11.3
102903,UA-003,Tupak,0.3385596,-78.0756843,2645.0,2026-10-06 11:38:36,14.1
102901,UA-001,Sapi,0.2174498,-78.0530747,3231.0,2026-10-06 11:38:46,11.9
102902,UA-002,Hari Sinchi,0.3128919,-77.9698574,3063.8,2026-10-06 11:38:46,14.0
102903,UA-003,Tupak,0.3382866,-78.0757466,2644.3,2026-10-06 11:38:46,14.8
102901,UA-001,Sapi,0.217098,-78.0532822,3229.7,2026-10-06 11:38:56,12.2
102902,UA-002,Hari Sinchi,0.3131691,-77.9698567,3055.6,2026-10-06 11:38:56,11.8
102903,UA-003,Tupak,0.3380173,-78.075823,2651.6,2026-10-06 11:38:56,14.5
102901,UA-001,Sapi,0.2167715,-78.0535105,3199.5,2026-10-06 11:39:06,12.9
102902,UA-002,Hari Sinchi,0.3135853,-77.9695865,3063.8,2026-10-06 11:39:06,13.0
102903,UA-003,Tupak,0.3378354,-78.0758481,2669.2,2026-10-06 11:39:06,14.8
102901,UA-001,Sapi,0.2164867,-78.0537577,3162.3,2026-10-06 11:39:16,12.1
102902,UA-002,Hari Sinchi,0.3138232,-77.9698673,3060.3,2026-10-06 11:39:16,12.7
102903,UA-003,Tupak,0.3376968,-78.07579,2689.0,2026-10-06 11:39:16,13.4
102901,UA-001,Sapi,0.2163445,-78.0539421,3148.8,2026-10-06 11:39:26,12.2
102902,UA-002,Hari Sinchi,0.3140828,-77.9700541,3045.5,2026-10-06 11:39:26,12.8
102903,UA-003,Tupak,0.3373184,-78.0756975,2707.5,2026-10-06 11:39:26,14.4
102901,UA-001,Sapi,0.2162856,-78.0539902,3136.3,2026-10-06 11:39:36,11.5
102902,UA-002,Hari Sinchi,0.3141059,-77.9703382,3020.9,2026-10-06 11:39:36,12.2
102903,UA-003,Tupak,0.3369149,-78.0754993,2738.2,2026-10-06 11:39:36,13.5
102901,UA-001,Sapi,0.2158727,-78.0542008,3143.3,2026-10-06 11:39:46,13.3
102902,UA-002,Hari Sinchi,0.3141294,-77.9707152,2983.7,2026-10-06 11:39:46,12.7
102903,UA-003,Tupak,0.3367076,-78.0751008,2771.3,2026-10-06 11:39:46,12.7
102901,UA-001,Sapi,0.2157006,-78.0544892,3151.9,2026-10-06 11:39:56,12.6
102902,UA-002,Hari Sinchi,0.314346,-77.9708945,2949.2,2026-10-06 11:39:56,12.9
102903,UA-003,Tupak,0.3364418,-78.0747611,2800.8,2026-10-06 11:39:56,14.1
102901,UA-001,Sapi,0.2154457,-78.0548237,3155.9,2026-10-06 11:40:06,12.1
102902,UA-002,Hari Sinchi,0.3144879,-77.9709351,2933.8,2026-10-06 11:40:06,13.1
102903,UA-003,Tupak,0.3361796,-78.0743859,2823.2,2026-10-06 11:40:06,14.4
102901,UA-001,Sapi,0.2152155,-78.0550852,3145.0,2026-10-06 11:40:16,12.1
102902,UA-002,Hari Sinchi,0.3146838,-77.9712133,2911.6,2026-10-06 11:40:16,14.4
102903,UA-003,Tupak,0.3361493,-78.0743469,2837.9,2026-10-06 11:40:16,14.4
102901,UA-001,Sapi,0.2149679,-78.055172,3111.6,2026-10-06 11:40:26,12.9
102902,UA-002,Hari Sinchi,0.3148356,-77.9714239,2899.3,2026-10-06 11:40:26,13.4
102903,UA-003,Tupak,0.3359861,-78.074165,2852.5,2026-10-06 11:40:26,13.5
102901,UA-001,Sapi,0.2147822,-78.0552184,3077.6,2026-10-06 11:40:36,12.6
102902,UA-002,Hari Sinchi,0.3147336,-77.9715873,2888.4,2026-10-06 11:40:36,12.5
102903,UA-003,Tupak,0.3359408,-78.0737179,2844.2,2026-10-06 11:40:36,13.2
102901,UA-001,Sapi,0.2143462,-78.0553133,3030.5,2026-10-06 11:40:46,11.7
102902,UA-002,Hari Sinchi,0.3146686,-77.9716589,2879.6,2026-10-06 11:40:46,14.0
102903,UA-003,Tupak,0.3359774,-78.0734474,2826.5,2026-10-06 11:40:46,12.6
102901,UA-001,Sapi,0.2142615,-78.0553399,3002.9,2026-10-06 11:40:56,14.2
102902,UA-002,Hari Sinchi,0.3144549,-77.9717181,2877.0,2026-10-06 11:40:56,13.9
102903,UA-003,Tupak,0.33609,-78.073054,2795.6,2026-10-06 11:40:56,14.1
102901,UA-001,Sapi,0.2140761,-78.0556018,2984.3,2026-10-06 11:41:06,11.8
102902,UA-002,Hari Sinchi,0.3142726,-77.9719136,2893.9,2026-10-06 11:41:06,13.0
102903,UA-003,Tupak,0.3362294,-78.0727878,2775.7,2026-10-06 11:41:06,13.8
102901,UA-001,Sapi,0.213847,-78.0558901,2998.3,2026-10-06 11:41:16,13.1
102902,UA-002,Hari Sinchi,0.3139139,-77.9719995,2924.4,2026-10-06 11:41:16,12.6
102903,UA-003,Tupak,0.3363877,-78.0724697,2771.5,2026-10-06 11:41:16,14.2
102901,UA-001,Sapi,0.2136126,-78.0563343,3056.0,2026-10-06 11:41:26,13.2
102902,UA-002,Hari Sinchi,0.3136272,-77.971982,2960.7,2026-10-06 11:41:26,13.2
102903,UA-003,Tupak,0.3365382,-78.0721947,2787.0,2026-10-06 11:41:26,14.5
102901,UA-001,Sapi,0.213725,-78.0567893,3117.3,2026-10-06 11:41:36,12.0
102902,UA-002,Hari Sinchi,0.3133688,-77.9719293,2999.9,2026-10-06 11:41:36,12.9
102903,UA-003,Tupak,0.3368097,-78.0718274,2821.9,2026-10-06 11:41:36,14.3
102901,UA-001,Sapi,0.2136845,-78.057037,3171.1,2026-10-06 11:41:46,10.8
102902,UA-002,Hari Sinchi,0.3132149,-77.9720242,3030.7,2026-10-06 11:41:46,13.3
102903,UA-003,Tupak,0.337102,-78.071546,2851.9,2026-10-06 11:41:46,13.6
102901,UA-001,Sapi,0.2136978,-78.057454,3211.5,2026-10-06 11:41:56,10.8
102902,UA-002,Hari Sinchi,0.3129262,-77.9720452,3054.3,2026-10-06 11:41:56,12.7
102903,UA-003,Tupak,0.3372256,-78.0714675,2862.6,2026-10-06 11:41:56,14.2
102901,UA-001,Sapi,0.2140634,-78.0576464,3254.9,2026-10-06 11:42:06,10.9
102902,UA-002,Hari Sinchi,0.312677,-77.9722601,3056.0,2026-10-06 11:42:06,12.7
102903,UA-003,Tupak,0.3375514,-78.0715107,2855.9,2026-10-06 11:42:06,14.0
102901,UA-001,Sapi,0.2142705,-78.0577991,3286.1,2026-10-06 11:42:16,10.4
102902,UA-002,Hari Sinchi,0.3124945,-77.9725755,3026.6,2026-10-06 11:42:16,13.0
102903,UA-003,Tupak,0.3375625,-78.0715223,2852.6,2026-10-06 11:42:16,12.7
102901,UA-001,Sapi,0.2146217,-78.0578933,3311.7,2026-10-06 11:42:26,10.7
102902,UA-002,Hari Sinchi,0.3122228,-77.973175,2944.3,2026-10-06 11:42:26,13.8
102903,UA-003,Tupak,0.3375883,-78.0715289,2850.0,2026-10-06 11:42:26,14.1
102901,UA-001,Sapi,0.2148463,-78.05801,3336.0,2026-10-06 11:42:36,11.7
102902,UA-002,Hari Sinchi,0.3121494,-77.9732162,2894.3,2026-10-06 11:42:36,13.6
102903,UA-003,Tupak,0.3375935,-78.0715311,2848.2,2026-10-06 11:42:36,13.8
102901,UA-001,Sapi,0.2150662,-78.0581447,3356.4,2026-10-06 11:42:46,10.8
102902,UA-002,Hari Sinchi,0.3117185,-77.9733859,2865.3,2026-10-06 11:42:46,13.5
102903,UA-003,Tupak,0.3376054,-78.0715305,2844.8,2026-10-06 11:42:46,13.4
102901,UA-001,Sapi,0.2150971,-78.0581782,3369.3,2026-10-06 11:42:56,11.5
102902,UA-002,Hari Sinchi,0.3112832,-77.9734723,2877.5,2026-10-06 11:42:56,14.0
102903,UA-003,Tupak,0.3376171,-78.0715288,2843.9,2026-10-06 11:42:56,13.4
102901,UA-001,Sapi,0.2151711,-78.0583821,3385.6,2026-10-06 11:43:06,10.7
102902,UA-002,Hari Sinchi,0.3109859,-77.9734898,2912.0,2026-10-06 11:43:06,14.5
102903,UA-003,Tupak,0.3376195,-78.071527,2842.9,2026-10-06 11:43:06,13.0
102901,UA-001,Sapi,0.2151388,-78.0586058,3408.1,2026-10-06 11:43:16,11.2
102902,UA-002,Hari Sinchi,0.3107675,-77.9735754,2959.8,2026-10-06 11:43:16,12.7
102903,UA-003,Tupak,0.3376414,-78.0715195,2840.4,2026-10-06 11:43:16,13.2
102901,UA-001,Sapi,0.2150537,-78.0590444,3418.4,2026-10-06 11:43:26,11.4
102902,UA-002,Hari Sinchi,0.3105068,-77.9733213,3010.5,2026-10-06 11:43:26,13.0
102903,UA-003,Tupak,0.3376631,-78.0715088,2836.3,2026-10-06 11:43:26,13.7
102901,UA-001,Sapi,0.2151303,-78.0593378,3417.1,2026-10-06 11:43:36,11.0
102902,UA-002,Hari Sinchi,0.3103954,-77.9732474,3044.7,2026-10-06 11:43:36,12.2
102903,UA-003,Tupak,0.3376668,-78.0714984,2832.6,2026-10-06 11:43:36,13.6
102901,UA-001,Sapi,0.2152156,-78.0596637,3400.3,2026-10-06 11:43:46,11.1
102902,UA-002,Hari Sinchi,0.3102401,-77.9731949,3079.8,2026-10-06 11:43:46,11.6
102903,UA-003,Tupak,0.3376678,-78.0714948,2827.3,2026-10-06 11:43:46,13.4
102901,UA-001,Sapi,0.2151349,-78.0598323,3377.4,2026-10-06 11:43:56,10.3
102902,UA-002,Hari Sinchi,0.3098009,-77.9731464,3122.3,2026-10-06 11:43:56,12.0
102903,UA-003,Tupak,0.3377342,-78.0713599,2815.5,2026-10-06 11:43:56,13.2
102901,UA-001,Sapi,0.2152772,-78.060021,3353.9,2026-10-06 11:44:06,11.2
102902,UA-002,Hari Sinchi,0.3094556,-77.9731485,3148.5,2026-10-06 11:44:06,12.0
102903,UA-003,Tupak,0.3375846,-78.0709358,2775.7,2026-10-06 11:44:06,13.5
102901,UA-001,Sapi,0.2156401,-78.0601919,3331.7,2026-10-06 11:44:16,10.5
102902,UA-002,Hari Sinchi,0.3093958,-77.9731464,3160.6,2026-10-06 11:44:16,10.8
102903,UA-003,Tupak,0.3373253,-78.0704427,2722.3,2026-10-06 11:44:16,13.9
102901,UA-001,Sapi,0.2159535,-78.0604615,3305.7,2026-10-06 11:44:26,11.3
102902,UA-002,Hari Sinchi,0.3091492,-77.9732504,3165.4,2026-10-06 11:44:26,12.2
102903,UA-003,Tupak,0.3372911,-78.0703037,2673.7,2026-10-06 11:44:26,15.0
102901,UA-001,Sapi,0.2160398,-78.0607264,3282.5,2026-10-06 11:44:36,11.6
102902,UA-002,Hari Sinchi,0.308807,-77.9733211,3149.7,2026-10-06 11:44:36,13.1
102903,UA-003,Tupak,0.3375153,-78.0697345,2615.9,2026-10-06 11:44:36,14.4
102901,UA-001,Sapi,0.2162556,-78.0610632,3242.8,2026-10-06 11:44:46,12.2
102902,UA-002,Hari Sinchi,0.3084452,-77.9731227,3119.4,2026-10-06 11:44:46,12.4
102903,UA-003,Tupak,0.3375254,-78.0697204,2574.5,2026-10-06 11:44:46,15.3
102901,UA-001,Sapi,0.2165879,-78.0612652,3215.6,2026-10-06 11:44:56,11.2
102902,UA-002,Hari Sinchi,0.308211,-77.9728487,3083.1,2026-10-06 11:44:56,13.5
102903,UA-003,Tupak,0.3375435,-78.0697103,2549.0,2026-10-06 11:44:56,15.3
102901,UA-001,Sapi,0.21689,-78.0614105,3199.6,2026-10-06 11:45:06,12.0
102902,UA-002,Hari Sinchi,0.3080086,-77.9726638,3055.7,2026-10-06 11:45:06,13.0
102903,UA-003,Tupak,0.3375515,-78.0697073,2532.2,2026-10-06 11:45:06,16.6
102901,UA-001,Sapi,0.2171515,-78.06152,3197.0,2026-10-06 11:45:16,11.2
102902,UA-002,Hari Sinchi,0.3078217,-77.9725103,3028.4,2026-10-06 11:45:16,12.3
102903,UA-003,Tupak,0.3375603,-78.0697009,2519.3,2026-10-06 11:45:16,16.3
102901,UA-001,Sapi,0.2174894,-78.0614601,3209.8,2026-10-06 11:45:26,10.3
102902,UA-002,Hari Sinchi,0.3078095,-77.9722803,3016.9,2026-10-06 11:45:26,13.6
102903,UA-003,Tupak,0.3375773,-78.0696876,2510.0,2026-10-06 11:45:26,15.6
102901,UA-001,Sapi,0.2174982,-78.0614624,3222.4,2026-10-06 11:45:36,11.3
102902,UA-002,Hari Sinchi,0.3080209,-77.971987,3029.9,2026-10-06 11:45:36,12.7
102903,UA-003,Tupak,0.3375859,-78.0696859,2503.4,2026-10-06 11:45:36,16.1
102901,UA-001,Sapi,0.2175111,-78.0614682,3224.2,2026-10-06 11:45:46,11.1
102902,UA-002,Hari Sinchi,0.3080472,-77.971624,3035.3,2026-10-06 11:45:46,12.5
102903,UA-003,Tupak,0.3375986,-78.0696823,2498.0,2026-10-06 11:45:46,15.3
102901,UA-001,Sapi,0.2175126,-78.0614685,3228.0,2026-10-06 11:45:56,12.8
102902,UA-002,Hari Sinchi,0.30814,-77.9714644,3043.6,2026-10-06 11:45:56,13.1
102903,UA-003,Tupak,0.3376133,-78.0696858,2499.1,2026-10-06 11:45:56,16.0
102901,UA-001,Sapi,0.2175317,-78.0614626,3235.5,2026-10-06 11:46:06,13.2
102902,UA-002,Hari Sinchi,0.3083544,-77.9710257,3016.2,2026-10-06 11:46:06,12.2
102903,UA-003,Tupak,0.337617,-78.0696845,2495.9,2026-10-06 11:46:06,14.7
102901,UA-001,Sapi,0.2175406,-78.0614516,3245.5,2026-10-06 11:46:16,11.8
102902,UA-002,Hari Sinchi,0.3085475,-77.9708693,2974.5,2026-10-06 11:46:16,13.5
102903,UA-003,Tupak,0.3376336,-78.0696728,2498.7,2026-10-06 11:46:16,15.3
102901,UA-001,Sapi,0.2175458,-78.0614427,3246.3,2026-10-06 11:46:26,12.6
102902,UA-002,Hari Sinchi,0.308548,-77.9708611,2943.1,2026-10-06 11:46:26,12.1
102903,UA-003,Tupak,0.3376343,-78.0696726,2499.5,2026-10-06 11:46:26,15.6
102901,UA-001,Sapi,0.2175492,-78.0614304,3243.7,2026-10-06 11:46:36,11.5
102902,UA-002,Hari Sinchi,0.3085407,-77.9708525,2924.3,2026-10-06 11:46:36,13.8
102903,UA-003,Tupak,0.3376418,-78.0696728,2501.5,2026-10-06 11:46:36,15.3
102901,UA-001,Sapi,0.2175433,-78.0614112,3243.5,2026-10-06 11:46:46,11.6
102902,UA-002,Hari Sinchi,0.3085287,-77.9708479,2910.9,2026-10-06 11:46:46,13.1
102903,UA-003,Tupak,0.3376511,-78.0696627,2499.8,2026-10-06 11:46:46,16.0
102901,UA-001,Sapi,0.217542,-78.0614027,3246.5,2026-10-06 11:46:56,11.2
102902,UA-002,Hari Sinchi,0.3085245,-77.9708466,2905.2,2026-10-06 11:46:56,14.2
102903,UA-003,Tupak,0.3376549,-78.0696558,2494.6,2026-10-06 11:46:56,14.8
102901,UA-001,Sapi,0.2175403,-78.061389,3245.4,2026-10-06 11:47:06,11.4
102902,UA-002,Hari Sinchi,0.3085142,-77.9708362,2902.0,2026-10-06 11:47:06,13.3
102903,UA-003,Tupak,0.3376596,-78.069638,2502.8,2026-10-06 11:47:06,14.9
102901,UA-001,Sapi,0.2175352,-78.0613742,3246.7,2026-10-06 11:47:16,11.8
102902,UA-002,Hari Sinchi,0.3085013,-77.9708308,2898.8,2026-10-06 11:47:16,13.7
102903,UA-003,Tupak,0.3376622,-78.0696369,2505.5,2026-10-06 11:47:16,15.2
102901,UA-001,Sapi,0.2175363,-78.0613692,3244.9,2026-10-06 11:47:26,12.1
102902,UA-002,Hari Sinchi,0.3084871,-77.9708326,2890.3,2026-10-06 11:47:26,14.0
102903,UA-003,Tupak,0.3376648,-78.0696353,2506.7,2026-10-06 11:47:26,15.6
102901,UA-001,Sapi,0.2175269,-78.0613604,3244.9,2026-10-06 11:47:36,11.7
102902,UA-002,Hari Sinchi,0.3084669,-77.9708238,2887.4,2026-10-06 11:47:36,13.5
102903,UA-003,Tupak,0.3376747,-78.0696189,2513.5,2026-10-06 11:47:36,15.9
102901,UA-001,Sapi,0.2175233,-78.0613556,3244.5,2026-10-06 11:47:46,11.3
102902,UA-002,Hari Sinchi,0.3084641,-77.9708216,2891.9,2026-10-06 11:47:46,13.7
102903,UA-003,Tupak,0.338087,-78.0693253,2556.5,2026-10-06 11:47:46,15.6
102901,UA-001,Sapi,0.2175219,-78.061353,3242.1,2026-10-06 11:47:56,12.7
102902,UA-002,Hari Sinchi,0.3084593,-77.9708168,2895.1,2026-10-06 11:47:56,14.2
102903,UA-003,Tupak,0.3380325,-78.0689578,2598.8,2026-10-06 11:47:56,15.3
102901,UA-001,Sapi,0.217519,-78.061349,3244.9,2026-10-06 11:48:06,11.4
102902,UA-002,Hari Sinchi,0.3084342,-77.9708217,2894.3,2026-10-06 11:48:06,13.6
102903,UA-003,Tupak,0.337884,-78.0686951,2622.9,2026-10-06 11:48:06,14.5
102901,UA-001,Sapi,0.2175148,-78.061334,3245.9,2026-10-06 11:48:16,10.9
102902,UA-002,Hari Sinchi,0.3084104,-77.9708167,2888.2,2026-10-06 11:48:16,13.7
102903,UA-003,Tupak,0.3379066,-78.068348,2649.9,2026-10-06 11:48:16,15.2
102901,UA-001,Sapi,0.2174991,-78.0613319,3248.9,2026-10-06 11:48:26,11.7
102902,UA-002,Hari Sinchi,0.3084022,-77.9708106,2892.4,2026-10-06 11:48:26,14.0
102903,UA-003,Tupak,0.3379229,-78.0679697,2671.0,2026-10-06 11:48:26,15.4
102901,UA-001,Sapi,0.2174785,-78.0613329,3244.0,2026-10-06 11:48:36,11.3
102902,UA-002,Hari Sinchi,0.3083999,-77.9708085,2894.0,2026-10-06 11:48:36,13.8
102903,UA-003,Tupak,0.3379072,-78.0675208,2671.3,2026-10-06 11:48:36,16.6
102901,UA-001,Sapi,0.2174555,-78.0613323,3244.9,2026-10-06 11:48:46,11.3
102902,UA-002,Hari Sinchi,0.3083825,-77.970803,2901.5,2026-10-06 11:48:46,14.5
102903,UA-003,Tupak,0.3380311,-78.0671184,2655.0,2026-10-06 11:48:46,15.4
102901,UA-001,Sapi,0.2174521,-78.0613342,3246.6,2026-10-06 11:48:56,12.3
102902,UA-002,Hari Sinchi,0.308368,-77.970781,2909.0,2026-10-06 11:48:56,12.9
102903,UA-003,Tupak,0.3380311,-78.0671184,2648.4,2026-10-06 11:48:56,14.3
102901,UA-001,Sapi,0.2174366,-78.061346,3249.7,2026-10-06 11:49:06,11.5
102902,UA-002,Hari Sinchi,0.3083533,-77.9707657,2904.8,2026-10-06 11:49:06,12.5
102903,UA-003,Tupak,0.3378689,-78.0669813,2637.8,2026-10-06 11:49:06,15.0
102901,UA-001,Sapi,0.2174171,-78.0613531,3248.1,2026-10-06 11:49:16,12.1
102902,UA-002,Hari Sinchi,0.3083508,-77.970763,2904.5,2026-10-06 11:49:16,14.3
102903,UA-003,Tupak,0.3377225,-78.0670628,2637.5,2026-10-06 11:49:16,14.5
102901,UA-001,Sapi,0.2174136,-78.0613552,3244.5,2026-10-06 11:49:26,12.5
102902,UA-002,Hari Sinchi,0.3083438,-77.9707435,2903.1,2026-10-06 11:49:26,12.2
102903,UA-003,Tupak,0.3375314,-78.0671648,2646.6,2026-10-06 11:49:26,15.3
102901,UA-001,Sapi,0.2173999,-78.0613607,3242.2,2026-10-06 11:49:36,11.1
102902,UA-002,Hari Sinchi,0.308345,-77.9707333,2899.6,2026-10-06 11:49:36,13.3
102903,UA-003,Tupak,0.3370912,-78.0673335,2666.0,2026-10-06 11:49:36,13.9
102901,UA-001,Sapi,0.2173848,-78.0613723,3240.4,2026-10-06 11:49:46,11.0
102902,UA-002,Hari Sinchi,0.3083438,-77.9707306,2896.3,2026-10-06 11:49:46,13.0
102903,UA-003,Tupak,0.3369401,-78.0674419,2675.5,2026-10-06 11:49:46,14.8
102901,UA-001,Sapi,0.217389,-78.0613819,3239.3,2026-10-06 11:49:56,11.4
102902,UA-002,Hari Sinchi,0.3083262,-77.970711,2895.5,2026-10-06 11:49:56,13.1
102903,UA-003,Tupak,0.3367456,-78.0677624,2656.2,2026-10-06 11:49:56,14.4
102901,UA-001,Sapi,0.2174011,-78.0614027,3239.5,2026-10-06 11:50:06,11.8
102902,UA-002,Hari Sinchi,0.308323,-77.9707021,2893.6,2026-10-06 11:50:06,13.8
102903,UA-003,Tupak,0.3367509,-78.0678458,2639.7,2026-10-06 11:50:06,14.6
102901,UA-001,Sapi,0.2175947,-78.0617813,3234.9,2026-10-06 11:50:16,10.6
102902,UA-002,Hari Sinchi,0.3083228,-77.9706868,2891.1,2026-10-06 11:50:16,12.5
102903,UA-003,Tupak,0.3368154,-78.0679883,2621.4,2026-10-06 11:50:16,14.6
102901,UA-001,Sapi,0.2177286,-78.061948,3239.2,2026-10-06 11:50:26,10.4
102902,UA-002,Hari Sinchi,0.3083226,-77.9706776,2887.9,2026-10-06 11:50:26,13.5
102903,UA-003,Tupak,0.3368436,-78.0680531,2605.0,2026-10-06 11:50:26,14.8
102901,UA-001,Sapi,0.2178809,-78.0622126,3251.5,2026-10-06 11:50:36,11.6
102902,UA-002,Hari Sinchi,0.3082496,-77.9703744,2873.4,2026-10-06 11:50:36,13.0
102903,UA-003,Tupak,0.3368679,-78.0685731,2560.6,2026-10-06 11:50:36,14.8
102901,UA-001,Sapi,0.2180736,-78.0623759,3266.0,2026-10-06 11:50:46,10.3
102902,UA-002,Hari Sinchi,0.3083361,-77.9700313,2835.7,2026-10-06 11:50:46,13.1
102903,UA-003,Tupak,0.3368562,-78.0688976,2517.9,2026-10-06 11:50:46,14.9
102901,UA-001,Sapi,0.217928,-78.0627363,3259.7,2026-10-06 11:50:56,11.7
102902,UA-002,Hari Sinchi,0.3083517,-77.9698877,2806.4,2026-10-06 11:50:56,14.2
102903,UA-003,Tupak,0.3369374,-78.0690886,2488.0,2026-10-06 11:50:56,16.3
102901,UA-001,Sapi,0.2179276,-78.0630086,3249.4,2026-10-06 11:51:06,11.7
102902,UA-002,Hari Sinchi,0.3084457,-77.9695068,2777.0,2026-10-06 11:51:06,14.3
102903,UA-003,Tupak,0.3368553,-78.0693849,2469.2,2026-10-06 11:51:06,16.1
102901,UA-001,Sapi,0.2176672,-78.0631963,3234.3,2026-10-06 11:51:16,12.7
102902,UA-002,Hari Sinchi,0.3084849,-77.9692158,2772.8,2026-10-06 11:51:16,13.9
102903,UA-003,Tupak,0.3370102,-78.0697267,2471.4,2026-10-06 11:51:16,16.1
102901,UA-001,Sapi,0.2174297,-78.0633615,3232.5,2026-10-06 11:51:26,11.3
102902,UA-002,Hari Sinchi,0.3081825,-77.9688228,2783.2,2026-10-06 11:51:26,13.9
102903,UA-003,Tupak,0.3368896,-78.0702821,2515.4,2026-10-06 11:51:26,15.3
102901,UA-001,Sapi,0.2174838,-78.0636423,3238.2,2026-10-06 11:51:36,11.3
102902,UA-002,Hari Sinchi,0.3078922,-77.9685455,2806.1,2026-10-06 11:51:36,14.3
102903,UA-003,Tupak,0.3369631,-78.070628,2571.1,2026-10-06 11:51:36,14.9
102901,UA-001,Sapi,0.2173752,-78.0639497,3268.8,2026-10-06 11:51:46,11.8
102902,UA-002,Hari Sinchi,0.3077543,-77.9683678,2825.4,2026-10-06 11:51:46,14.6
102903,UA-003,Tupak,0.3371074,-78.0710208,2635.1,2026-10-06 11:51:46,14.2
102901,UA-001,Sapi,0.2176138,-78.0644221,3303.7,2026-10-06 11:51:56,10.8
102902,UA-002,Hari Sinchi,0.3074574,-77.9678012,2862.0,2026-10-06 11:51:56,14.5
102903,UA-003,Tupak,0.3374002,-78.0714186,2700.6,2026-10-06 11:51:56,15.4
102901,UA-001,Sapi,0.2174828,-78.0645718,3335.9,2026-10-06 11:52:06,11.7
102902,UA-002,Hari Sinchi,0.3070074,-77.9676315,2875.9,2026-10-06 11:52:06,13.2
102903,UA-003,Tupak,0.3376617,-78.0717345,2757.3,2026-10-06 11:52:06,14.5
102901,UA-001,Sapi,0.2171092,-78.0645051,3362.8,2026-10-06 11:52:16,11.5
102902,UA-002,Hari Sinchi,0.3066829,-77.9676786,2886.3,2026-10-06 11:52:16,12.7
102903,UA-003,Tupak,0.3380118,-78.0720116,2780.7,2026-10-06 11:52:16,13.2
102901,UA-001,Sapi,0.2166781,-78.0647184,3356.3,2026-10-06 11:52:26,10.3
102902,UA-002,Hari Sinchi,0.3064877,-77.9675946,2886.8,2026-10-06 11:52:26,13.2
102903,UA-003,Tupak,0.3382848,-78.0722386,2789.9,2026-10-06 11:52:26,13.9
102901,UA-001,Sapi,0.216281,-78.0647447,3312.3,2026-10-06 11:52:36,10.7
102902,UA-002,Hari Sinchi,0.3062463,-77.9672789,2882.8,2026-10-06 11:52:36,12.5
102903,UA-003,Tupak,0.3387077,-78.0722668,2763.5,2026-10-06 11:52:36,15.3
102901,UA-001,Sapi,0.216005,-78.0648753,3248.8,2026-10-06 11:52:46,11.1
102902,UA-002,Hari Sinchi,0.3061912,-77.9669276,2874.5,2026-10-06 11:52:46,13.5
102903,UA-003,Tupak,0.3390835,-78.0722013,2713.6,2026-10-06 11:52:46,14.7
102901,UA-001,Sapi,0.2159622,-78.0649902,3200.0,2026-10-06 11:52:56,12.5
102902,UA-002,Hari Sinchi,0.3062992,-77.9665668,2879.5,2026-10-06 11:52:56,13.3
102903,UA-003,Tupak,0.3391651,-78.0722728,2671.7,2026-10-06 11:52:56,14.2
102901,UA-001,Sapi,0.2159207,-78.0654238,3151.1,2026-10-06 11:53:06,10.9
102902,UA-002,Hari Sinchi,0.3066798,-77.9664262,2920.4,2026-10-06 11:53:06,13.5
102903,UA-003,Tupak,0.3392294,-78.0727523,2646.4,2026-10-06 11:53:06,14.6
102901,UA-001,Sapi,0.2160146,-78.0656626,3119.8,2026-10-06 11:53:16,12.7
102902,UA-002,Hari Sinchi,0.3069646,-77.9665252,2968.2,2026-10-06 11:53:16,12.2
102903,UA-003,Tupak,0.3392639,-78.0730472,2649.7,2026-10-06 11:53:16,15.2
102901,UA-001,Sapi,0.216228,-78.0657669,3104.2,2026-10-06 11:53:26,12.2
102902,UA-002,Hari Sinchi,0.3072834,-77.966671,3012.9,2026-10-06 11:53:26,12.5
102903,UA-003,Tupak,0.3393506,-78.0736531,2671.7,2026-10-06 11:53:26,14.4
102901,UA-001,Sapi,0.2165746,-78.0659798,3100.7,2026-10-06 11:53:36,12.2
102902,UA-002,Hari Sinchi,0.3073002,-77.9667565,3040.3,2026-10-06 11:53:36,12.8
102903,UA-003,Tupak,0.3393547,-78.073677,2684.7,2026-10-06 11:53:36,13.3
102901,UA-001,Sapi,0.2167923,-78.0660945,3104.7,2026-10-06 11:53:46,11.9
102902,UA-002,Hari Sinchi,0.3076705,-77.9670613,3069.7,2026-10-06 11:53:46,12.5
102903,UA-003,Tupak,0.3396226,-78.074024,2691.0,2026-10-06 11:53:46,14.4
102901,UA-001,Sapi,0.2171846,-78.0661724,3125.5,2026-10-06 11:53:56,13.2
102902,UA-002,Hari Sinchi,0.3080937,-77.9671047,3098.0,2026-10-06 11:53:56,12.5
102903,UA-003,Tupak,0.3397831,-78.0742993,2698.7,2026-10-06 11:53:56,13.6
102901,UA-001,Sapi,0.2177806,-78.0662585,3163.3,2026-10-06 11:54:06,12.4
102902,UA-002,Hari Sinchi,0.3082601,-77.9671306,3119.8,2026-10-06 11:54:06,11.9
102903,UA-003,Tupak,0.3397673,-78.0748241,2709.2,2026-10-06 11:54:06,14.7
102901,UA-001,Sapi,0.2178844,-78.0665149,3166.2,2026-10-06 11:54:16,12.2
102902,UA-002,Hari Sinchi,0.308413,-77.9671376,3127.9,2026-10-06 11:54:16,11.9
102903,UA-003,Tupak,0.3399242,-78.0749447,2724.6,2026-10-06 11:54:16,13.9
102901,UA-001,Sapi,0.2178775,-78.066697,3160.4,2026-10-06 11:54:26,11.9
102902,UA-002,Hari Sinchi,0.3088698,-77.9673888,3117.8,2026-10-06 11:54:26,10.8
102903,UA-003,Tupak,0.3401716,-78.0751199,2743.3,2026-10-06 11:54:26,13.9
102901,UA-001,Sapi,0.2177208,-78.0668541,3130.6,2026-10-06 11:54:36,12.6
102902,UA-002,Hari Sinchi,0.309127,-77.9675858,3100.8,2026-10-06 11:54:36,13.0
102903,UA-003,Tupak,0.3404194,-78.0756599,2758.2,2026-10-06 11:54:36,13.4
102901,UA-001,Sapi,0.2174103,-78.0673205,3095.2,2026-10-06 11:54:46,11.9
102902,UA-002,Hari Sinchi,0.3094502,-77.9676677,3075.9,2026-10-06 11:54:46,11.9
102903,UA-003,Tupak,0.3404906,-78.0758261,2772.9,2026-10-06 11:54:46,13.9
102901,UA-001,Sapi,0.2170064,-78.0674968,3094.5,2026-10-06 11:54:56,12.7
102902,UA-002,Hari Sinchi,0.3098686,-77.9676133,3032.7,2026-10-06 11:54:56,13.7
102903,UA-003,Tupak,0.340821,-78.0760123,2790.6,2026-10-06 11:54:56,14.0
102901,UA-001,Sapi,0.2167694,-78.0674771,3112.1,2026-10-06 11:55:06,12.6
102902,UA-002,Hari Sinchi,0.310005,-77.9675981,2996.5,2026-10-06 11:55:06,13.2
102903,UA-003,Tupak,0.3412478,-78.0760912,2815.4,2026-10-06 11:55:06,14.1
102901,UA-001,Sapi,0.216403,-78.0676317,3162.1,2026-10-06 11:55:16,12.3
102902,UA-002,Hari Sinchi,0.3103767,-77.9675807,2961.8,2026-10-06 11:55:16,13.5
102903,UA-003,Tupak,0.3414748,-78.0760925,2831.1,2026-10-06 11:55:16,14.6
102901,UA-001,Sapi,0.2159517,-78.0675814,3226.0,2026-10-06 11:55:26,13.3
102902,UA-002,Hari Sinchi,0.3108575,-77.9678204,2937.7,2026-10-06 11:55:26,12.5
102903,UA-003,Tupak,0.3416613,-78.075958,2833.8,2026-10-06 11:55:26,13.9
102901,UA-001,Sapi,0.2156378,-78.0674374,3278.5,2026-10-06 11:55:36,10.3
102902,UA-002,Hari Sinchi,0.3111476,-77.9681466,2930.4,2026-10-06 11:55:36,13.2
102903,UA-003,Tupak,0.3417677,-78.0758953,2834.9,2026-10-06 11:55:36,14.2
102901,UA-001,Sapi,0.2155153,-78.0673689,3319.7,2026-10-06 11:55:46,11.3
102902,UA-002,Hari Sinchi,0.3113972,-77.9682447,2930.5,2026-10-06 11:55:46,12.3
102903,UA-003,Tupak,0.3418918,-78.0755229,2804.5,2026-10-06 11:55:46,14.5
102901,UA-001,Sapi,0.2152618,-78.067097,3346.8,2026-10-06 11:55:56,10.4
102902,UA-002,Hari Sinchi,0.3117398,-77.9686077,2947.1,2026-10-06 11:55:56,12.2
102903,UA-003,Tupak,0.3418944,-78.0755211,2779.8,2026-10-06 11:55:56,13.8
102901,UA-001,Sapi,0.2149525,-78.0669065,3357.3,2026-10-06 11:56:06,10.2
102902,UA-002,Hari Sinchi,0.3117504,-77.9688212,2961.0,2026-10-06 11:56:06,12.4
102903,UA-003,Tupak,0.3418859,-78.0754999,2764.3,2026-10-06 11:56:06,13.3
102901,UA-001,Sapi,0.2149389,-78.0669003,3368.8,2026-10-06 11:56:16,11.2
102902,UA-002,Hari Sinchi,0.3118932,-77.9691176,2975.4,2026-10-06 11:56:16,12.4
102903,UA-003,Tupak,0.3418815,-78.0754864,2750.9,2026-10-06 11:56:16,14.8
102901,UA-001,Sapi,0.2149378,-78.066899,3371.5,2026-10-06 11:56:26,11.3
102902,UA-002,Hari Sinchi,0.3121574,-77.9693299,3000.6,2026-10-06 11:56:26,12.0
102903,UA-003,Tupak,0.3418801,-78.0754814,2742.4,2026-10-06 11:56:26,14.0
102901,UA-001,Sapi,0.2149359,-78.0668934,3373.7,2026-10-06 11:56:36,10.1
102902,UA-002,Hari Sinchi,0.312255,-77.9694688,3019.3,2026-10-06 11:56:36,12.5
102903,UA-003,Tupak,0.3418577,-78.0754794,2736.6,2026-10-06 11:56:36,14.7
102901,UA-001,Sapi,0.2149351,-78.066872,3370.8,2026-10-06 11:56:46,11.9
102902,UA-002,Hari Sinchi,0.3124201,-77.9696476,3031.2,2026-10-06 11:56:46,14.0
102903,UA-003,Tupak,0.3418557,-78.0754776,2726.6,2026-10-06 11:56:46,14.6
102901,UA-001,Sapi,0.2149352,-78.0668638,3374.9,2026-10-06 11:56:56,11.3
102902,UA-002,Hari Sinchi,0.3124997,-77.9699822,3052.2,2026-10-06 11:56:56,12.4
102903,UA-003,Tupak,0.3418544,-78.0754765,2724.1,2026-10-06 11:56:56,15.0
102901,UA-001,Sapi,0.2149354,-78.0668605,3379.1,2026-10-06 11:57:06,10.1
102902,UA-002,Hari Sinchi,0.3124766,-77.9703953,3076.4,2026-10-06 11:57:06,12.7
102903,UA-003,Tupak,0.3418506,-78.0754631,2723.2,2026-10-06 11:57:06,15.6
102901,UA-001,Sapi,0.2149248,-78.0668379,3380.4,2026-10-06 11:57:16,11.8
102902,UA-002,Hari Sinchi,0.312629,-77.97061,3090.5,2026-10-06 11:57:16,13.1
102903,UA-003,Tupak,0.3419145,-78.0752335,2710.1,2026-10-06 11:57:16,14.2
102901,UA-001,Sapi,0.2149209,-78.0668364,3379.1,2026-10-06 11:57:26,11.4
102902,UA-002,Hari Sinchi,0.3128605,-77.9708133,3093.7,2026-10-06 11:57:26,12.2
102903,UA-003,Tupak,0.3418485,-78.0748461,2675.4,2026-10-06 11:57:26,14.6
102901,UA-001,Sapi,0.2149152,-78.066833,3376.4,2026-10-06 11:57:36,11.1
102902,UA-002,Hari Sinchi,0.3130938,-77.9710216,3084.8,2026-10-06 11:57:36,12.8
102903,UA-003,Tupak,0.3417309,-78.0746229,2648.4,2026-10-06 11:57:36,15.0
102901,UA-001,Sapi,0.2149042,-78.0668322,3371.3,2026-10-06 11:57:46,12.5
102902,UA-002,Hari Sinchi,0.313295,-77.9712365,3073.6,2026-10-06 11:57:46,12.1
102903,UA-003,Tupak,0.341539,-78.0743135,2612.9,2026-10-06 11:57:46,14.9
102901,UA-001,Sapi,0.2149014,-78.0668288,3375.2,2026-10-06 11:57:56,10.6
102902,UA-002,Hari Sinchi,0.3133088,-77.9713982,3071.1,2026-10-06 11:57:56,11.3
102903,UA-003,Tupak,0.3414528,-78.0742103,2590.1,2026-10-06 11:57:56,15.7
102901,UA-001,Sapi,0.2148936,-78.0668262,3375.6,2026-10-06 11:58:06,10.5
102902,UA-002,Hari Sinchi,0.3135217,-77.9717994,3068.2,2026-10-06 11:58:06,12.8
102903,UA-003,Tupak,0.3410449,-78.0740243,2562.3,2026-10-06 11:58:06,15.3
102901,UA-001,Sapi,0.2148859,-78.0668209,3372.0,2026-10-06 11:58:16,10.9
102902,UA-002,Hari Sinchi,0.3135239,-77.9717995,3061.3,2026-10-06 11:58:16,12.6
102903,UA-003,Tupak,0.3406195,-78.0740157,2556.3,2026-10-06 11:58:16,15.3
102901,UA-001,Sapi,0.2148736,-78.0668148,3375.8,2026-10-06 11:58:26,10.9
102902,UA-002,Hari Sinchi,0.3135479,-77.9717982,3055.6,2026-10-06 11:58:26,13.4
102903,UA-003,Tupak,0.3403848,-78.0738811,2550.3,2026-10-06 11:58:26,15.7
